name,graduation_year,subjects,grades,backlogs,class_ranking,phone_number
Bobby Chen,2024,"Physics, Mathematics, Chemistry",B,2,67,206.510.9168x182
Matthew Willis,2028,"Physics, Chemistry, Biology",A,0,86,559.610.3432x4441
Joshua Martin,2025,"Physics, Computer Science, Mathematics",C,3,33,650.573.9981x73169
Edward Davis,2026,"Chemistry, Biology, Mathematics",C,2,29,737-832-0146x785
Brian Weaver,2024,"Physics, Mathematics, Chemistry",B,0,92,832.807.7193x56308
Maria Gonzalez,2025,"Biology, Computer Science, Chemistry",D,0,42,(954)535-4876x2800
Matthew Wright,2024,"Chemistry, Computer Science, Biology",D,0,73,+1-831-376-0562
Sonya Stark,2024,"Computer Science, Mathematics, Physics",C,2,31,710-352-5108x2865
Melissa Cisneros,2025,"Chemistry, Physics, Biology",D,2,84,+1-584-834-3447x8964
Jason Peterson,2027,"Mathematics, Computer Science, Physics",A,0,30,928.692.0179x59883
Jeffrey Barber,2026,"Mathematics, Chemistry, Physics",A,2,8,907-940-0146x732
Haley Williams,2025,"Chemistry, Computer Science, Biology",A,0,78,001-420-582-3880
Lisa Golden DVM,2026,"Mathematics, Chemistry, Computer Science",C,2,35,+1-324-519-5057x89432
Donna Richardson,2025,"Chemistry, Computer Science, Physics",F,1,79,483.259.4624x7638
Patrick Moore,2026,"Computer Science, Chemistry, Biology",C,2,67,(653)349-1785x296
Sarah Kim,2024,"Physics, Chemistry, Mathematics",A,2,40,(207)754-5005x23899
Brian Anderson,2024,"Biology, Chemistry, Physics",F,1,86,001-298-464-5040x270
John French,2024,"Chemistry, Mathematics, Biology",B,2,45,8387836669
Theresa Smith,2026,"Biology, Computer Science, Chemistry",C,3,99,+1-244-480-1750x966
Melissa Bender,2026,"Physics, Chemistry, Mathematics",D,3,58,586-239-6909x699
Paul Neal,2028,"Chemistry, Biology, Physics",D,0,52,972.837.7823x08717
Kevin Anderson,2024,"Biology, Chemistry, Mathematics",D,2,67,(370)215-8785x3768
Nicole Smith,2028,"Mathematics, Chemistry, Computer Science",D,1,43,+1-716-596-1411x483
Michael Reed,2024,"Biology, Computer Science, Physics",D,1,95,(936)408-1723
Lisa Martinez,2026,"Biology, Computer Science, Chemistry",C,1,39,001-237-884-6472x3009
Judith Proctor,2027,"Physics, Mathematics, Computer Science",F,1,7,926.224.1017
Katherine Ibarra,2026,"Physics, Biology, Chemistry",F,2,69,(577)281-0087x31994
Gregory Reeves,2025,"Physics, Computer Science, Chemistry",F,0,2,589-979-4177
Mrs. Melissa Marshall,2027,"Physics, Mathematics, Biology",D,0,74,2164418494
Douglas Wells,2026,"Physics, Computer Science, Chemistry",D,1,17,966.702.5543x266
Nicole Perez,2028,"Chemistry, Mathematics, Computer Science",A,1,7,(695)796-8821
Shannon Franklin,2028,"Physics, Chemistry, Biology",D,1,32,(298)457-8780
Jennifer Novak,2024,"Physics, Mathematics, Computer Science",F,0,17,6368864182
Vanessa Stewart,2024,"Mathematics, Computer Science, Chemistry",B,2,70,+1-273-366-5670
Jose Riggs,2028,"Computer Science, Mathematics, Chemistry",C,1,73,532-856-8625x203
Scott Davis,2028,"Chemistry, Mathematics, Computer Science",A,0,2,595.720.1236x50138
Sherri Jackson,2025,"Computer Science, Mathematics, Biology",A,2,53,+1-365-270-7234x7516
Melanie Gordon,2028,"Chemistry, Mathematics, Physics",D,0,53,375-915-7101x519
James Parker,2026,"Biology, Chemistry, Mathematics",B,0,39,655.633.7231x54794
John Lee,2027,"Biology, Physics, Computer Science",F,1,78,+1-843-355-6366x84132
Erica Hobbs,2024,"Mathematics, Biology, Computer Science",D,1,48,919.947.2093x76226
Monica Guzman,2024,"Computer Science, Chemistry, Mathematics",F,3,17,+1-834-210-5878
Jackie Martin,2024,"Computer Science, Physics, Mathematics",F,1,65,520-357-3700
Kim Sullivan,2025,"Chemistry, Biology, Mathematics",C,1,47,6595507038
Mia Fernandez,2027,"Biology, Mathematics, Physics",C,0,40,5182611206
Luke Edwards,2025,"Mathematics, Chemistry, Biology",B,2,25,001-800-927-7395x45402
Justin Bauer,2026,"Computer Science, Chemistry, Physics",F,1,69,615-451-4801x3712
Gerald Hanna,2027,"Chemistry, Computer Science, Physics",D,3,61,932-223-7012x40521
Courtney Keller,2027,"Mathematics, Computer Science, Biology",D,3,2,865.480.1620
Anthony Vargas,2026,"Chemistry, Mathematics, Physics",F,2,39,(678)967-8927x756
Allison Johnson,2028,"Biology, Chemistry, Mathematics",C,2,99,360-313-6056x29473
Steven Hudson,2027,"Physics, Mathematics, Chemistry",A,0,81,(466)288-3539x015
Mary White,2026,"Mathematics, Chemistry, Biology",F,1,40,462.855.6612x270
Amanda Brooks,2024,"Computer Science, Chemistry, Physics",D,3,8,(408)998-6626x99962
Michelle Jones,2028,"Physics, Mathematics, Chemistry",C,3,92,457.306.2424x345
Jasmin Anderson,2024,"Physics, Chemistry, Computer Science",A,0,66,755-793-3549x201
Kayla Castillo,2027,"Chemistry, Physics, Biology",D,0,86,312-623-5573x24908
Alex Anderson,2028,"Biology, Chemistry, Computer Science",F,1,16,+1-748-429-2147x208
Michael Williams,2028,"Biology, Physics, Mathematics",A,0,44,(349)716-1494
Michelle Diaz DVM,2027,"Chemistry, Mathematics, Computer Science",C,3,99,+1-978-632-3871x3198
Stephanie Moore,2024,"Chemistry, Mathematics, Biology",D,3,46,001-984-268-2969x31932
Andrew Burns,2027,"Mathematics, Computer Science, Biology",F,2,35,(460)771-7290x90028
Kevin Watson,2026,"Biology, Chemistry, Physics",D,2,42,(924)483-1153x78599
Shawna Frazier,2024,"Physics, Biology, Mathematics",B,0,29,872.615.2913x1570
Rodney Hill,2025,"Physics, Computer Science, Biology",B,1,39,588-538-5513x208
Jeffrey Barnett DDS,2027,"Physics, Chemistry, Computer Science",C,2,84,9707881029
Jessica Thompson,2025,"Biology, Chemistry, Mathematics",D,1,68,658.487.3315
Benjamin Johnson,2028,"Chemistry, Biology, Computer Science",D,0,29,(485)454-2068x4901
Chad Duran,2027,"Physics, Computer Science, Biology",D,1,69,648-668-0285
Rebecca Underwood,2027,"Computer Science, Mathematics, Physics",F,0,100,665-729-0032
Joseph Peters,2024,"Physics, Mathematics, Chemistry",F,2,12,(301)356-9857
Kendra Baker,2024,"Biology, Mathematics, Computer Science",B,2,92,947.409.7358x48223
Mark Johnson,2026,"Chemistry, Physics, Biology",F,1,52,702.964.8980x53461
Eric Harding,2027,"Chemistry, Biology, Physics",C,0,49,668-584-3573x9458
Christine Ray,2024,"Mathematics, Biology, Physics",B,0,76,+1-426-607-3715x0511
Stephanie Harris,2028,"Physics, Biology, Chemistry",D,1,43,(778)550-7748x9572
Tiffany Williams,2028,"Mathematics, Computer Science, Physics",A,2,92,564.535.8075x98692
Benjamin Ali,2025,"Mathematics, Computer Science, Biology",F,2,19,205-665-4874x41643
Erin Mendez MD,2025,"Chemistry, Computer Science, Physics",D,1,32,(946)592-6153x68540
Nicole Tucker,2025,"Biology, Physics, Mathematics",A,3,64,+1-469-709-1942x006
Charles Price,2026,"Computer Science, Physics, Mathematics",C,1,67,001-940-387-1521x8984
Cameron Davis,2026,"Computer Science, Physics, Biology",F,1,15,(587)650-6096x155
Joanna Graves,2028,"Physics, Chemistry, Mathematics",F,2,43,4034351252
Sarah White,2024,"Mathematics, Chemistry, Biology",A,3,61,433.631.2549x80820
Crystal Nixon,2025,"Biology, Computer Science, Chemistry",B,2,93,001-751-200-5862x996
Amanda Chang,2028,"Chemistry, Computer Science, Mathematics",A,0,71,001-268-447-9006x6102
Linda Stephens,2027,"Mathematics, Chemistry, Biology",B,0,43,+1-209-341-0989x247
Veronica Mays,2024,"Chemistry, Mathematics, Computer Science",B,0,18,(944)999-0582x40858
Laura Green,2028,"Mathematics, Physics, Chemistry",F,2,92,001-263-478-0358x7319
Richard Nelson,2028,"Physics, Biology, Mathematics",A,0,42,+1-600-606-1091x95998
Shawn Williamson,2027,"Chemistry, Biology, Mathematics",F,1,71,983.562.1059x87787
Adam Petersen,2026,"Computer Science, Mathematics, Physics",D,1,19,975.340.8941x1326
Chad Ross,2025,"Mathematics, Physics, Chemistry",D,3,89,(514)578-0853x394
Kyle Harrell,2026,"Computer Science, Mathematics, Chemistry",A,3,69,001-442-574-5497x79935
Nicole Lee,2028,"Physics, Mathematics, Chemistry",C,3,93,850-952-8526x7147
Sharon Mckinney,2026,"Computer Science, Physics, Biology",A,2,52,925-338-2262
Shannon Garrett,2027,"Chemistry, Biology, Computer Science",C,3,42,809.645.4130
Angelica Knight,2026,"Chemistry, Physics, Computer Science",D,1,46,8072302648
Travis Wu,2028,"Chemistry, Biology, Computer Science",D,2,73,563.784.5942x934
Tiffany Johnson,2027,"Mathematics, Physics, Biology",C,3,31,001-364-928-5241x37988
Lacey Perry,2024,"Computer Science, Biology, Chemistry",A,1,49,529-974-3575x65472
Paul Allen,2025,"Chemistry, Computer Science, Physics",D,2,97,967.446.1837
Jacqueline Ortiz,2026,"Mathematics, Physics, Chemistry",B,2,92,+1-814-308-3399x8294
Jeffrey Patterson,2028,"Physics, Biology, Computer Science",F,3,85,255-796-7882
Erica Baker,2024,"Mathematics, Biology, Computer Science",A,3,3,8289528191
Ethan Phillips,2025,"Mathematics, Chemistry, Computer Science",D,1,24,472-700-3949
Jonathan Valentine,2026,"Chemistry, Physics, Biology",C,2,85,+1-415-255-7184x58548
Stephen Moreno,2025,"Biology, Chemistry, Computer Science",C,1,9,984.408.4903
Tiffany Obrien,2024,"Computer Science, Physics, Biology",F,3,56,001-909-489-3596
Eric Poole,2027,"Computer Science, Chemistry, Biology",D,1,22,2235691121
Ronald Lee,2024,"Mathematics, Biology, Chemistry",D,3,91,739-559-3727x581
Anthony Smith,2028,"Chemistry, Computer Science, Physics",F,0,65,(572)283-2045x293
Stephanie Hayes,2026,"Chemistry, Mathematics, Computer Science",D,0,2,+1-482-242-9494x25844
Jeremy Turner,2027,"Biology, Computer Science, Mathematics",C,3,20,276-272-9975x6251
Michael Fields MD,2025,"Mathematics, Biology, Physics",A,2,100,929.337.5178
Robin Wilkerson,2025,"Biology, Physics, Chemistry",D,3,48,821.902.3158x981
Dr. Crystal Hall,2025,"Chemistry, Mathematics, Physics",F,0,9,960-685-5477
Emma Johnson,2024,"Mathematics, Chemistry, Biology",C,1,77,564-516-5373x59654
Jon Dalton,2025,"Computer Science, Mathematics, Physics",A,1,35,001-318-769-6665x9881
Linda Brennan,2027,"Mathematics, Physics, Biology",F,1,23,001-377-865-6357
Bethany Hurley,2026,"Mathematics, Chemistry, Physics",B,1,36,001-375-626-8972x45025
Jacob Hernandez,2024,"Computer Science, Biology, Mathematics",A,2,2,+1-700-274-0624
Rebecca Mcmillan,2026,"Biology, Mathematics, Chemistry",B,3,95,001-674-908-1136
Dale Hodges,2026,"Chemistry, Computer Science, Physics",F,0,36,(372)794-2865x58584
Jeffery Erickson,2024,"Biology, Computer Science, Physics",C,3,37,260-859-1088x87389
Eric Campbell,2027,"Mathematics, Computer Science, Chemistry",D,2,49,+1-762-666-1545x199
Susan Stanton,2028,"Chemistry, Biology, Computer Science",D,1,94,001-378-701-2630x4050
Patricia Hays,2024,"Computer Science, Biology, Mathematics",F,0,11,(821)431-0719x21405
Jamie Bowen,2028,"Computer Science, Chemistry, Physics",D,3,75,890-253-8571
Laura Johnson,2024,"Chemistry, Computer Science, Mathematics",A,2,99,001-227-225-2382x01564
Richard Reed,2024,"Computer Science, Physics, Mathematics",F,1,23,+1-546-437-6675x52326
Jason Glover,2025,"Chemistry, Physics, Mathematics",C,1,3,+1-885-588-3569
Ashley Carter,2028,"Biology, Physics, Mathematics",F,1,80,722-699-0585
Joshua Dunn,2027,"Biology, Physics, Computer Science",F,1,100,4237710017
Robert Cox,2027,"Computer Science, Biology, Mathematics",A,0,44,(495)325-7053x3269
Brett Gregory,2027,"Biology, Chemistry, Physics",A,3,76,9299181899
Thomas Hensley,2028,"Biology, Chemistry, Physics",C,3,55,+1-460-940-7032x0492
Margaret Brown,2024,"Chemistry, Computer Science, Biology",B,3,58,001-608-634-6197x063
Joshua Jones,2025,"Chemistry, Computer Science, Mathematics",F,3,38,(363)489-2934x3136
Raven Nelson,2024,"Mathematics, Computer Science, Chemistry",D,3,8,(347)727-5867
Dawn Evans,2025,"Mathematics, Computer Science, Chemistry",A,2,7,001-344-220-3583x01427
Ashley Lara,2026,"Mathematics, Biology, Computer Science",A,2,61,363.233.7955
Luke Ruiz,2027,"Mathematics, Biology, Computer Science",D,1,21,366.438.3150
Martin Ferguson,2026,"Computer Science, Biology, Chemistry",D,0,24,988-496-2254
Lauren Carter,2024,"Chemistry, Biology, Computer Science",F,2,12,381.801.9527
Troy Gardner,2025,"Mathematics, Biology, Physics",A,1,38,+1-671-245-2484x217
Alexandria Gordon,2026,"Biology, Chemistry, Physics",F,2,100,964.569.5083
Adam Perez,2028,"Mathematics, Computer Science, Chemistry",C,3,65,312-312-9433x225
Jill Neal,2028,"Computer Science, Physics, Biology",F,2,52,+1-485-983-4368x59694
Jessica Ross,2027,"Physics, Chemistry, Computer Science",D,3,4,+1-684-364-8714x171
Alan Mcguire,2024,"Computer Science, Biology, Mathematics",D,0,12,(959)382-2016
Mrs. Barbara Shelton MD,2028,"Chemistry, Physics, Computer Science",B,1,99,232.410.0362
Rhonda Soto,2026,"Chemistry, Computer Science, Physics",C,3,31,302.263.9481
John Wright,2028,"Biology, Chemistry, Computer Science",A,0,18,001-470-632-9906
Christine Mitchell,2028,"Biology, Computer Science, Physics",D,1,26,535-827-8041x6210
Micheal Ortiz,2027,"Physics, Computer Science, Mathematics",C,3,56,+1-455-437-9386x9864
Ellen Lewis,2026,"Physics, Chemistry, Mathematics",B,0,77,001-418-964-9818x961
Miss Catherine Caldwell,2027,"Biology, Mathematics, Physics",D,3,92,671-702-1322x744
Jessica James,2024,"Physics, Computer Science, Chemistry",F,2,24,+1-314-290-0876x80908
Jennifer Cochran,2026,"Mathematics, Physics, Biology",A,2,13,(608)716-0350x41858
Lisa Bird,2024,"Chemistry, Computer Science, Physics",A,0,4,001-570-308-9784
Tracy Norris,2025,"Physics, Computer Science, Mathematics",C,0,12,(734)744-7914x4615
Jose Medina,2025,"Biology, Physics, Computer Science",F,2,12,968-871-0719
Jennifer Holmes,2026,"Computer Science, Biology, Chemistry",A,1,42,(971)710-6643x4776
Kevin Valdez,2026,"Biology, Physics, Chemistry",B,0,54,308.602.9448
Rickey Medina,2026,"Biology, Mathematics, Chemistry",F,2,95,649-991-4813
Kristen Wright,2025,"Physics, Chemistry, Biology",C,0,31,945-537-8980
Cody Mcfarland,2027,"Biology, Computer Science, Mathematics",D,0,82,676.364.8250
Priscilla Simon,2024,"Chemistry, Computer Science, Physics",D,1,71,001-491-372-9812x713
Michael Lopez,2027,"Physics, Computer Science, Mathematics",A,0,21,+1-920-880-4891x0254
Kylie Smith,2025,"Computer Science, Physics, Mathematics",D,0,59,912-829-3364
Kenneth Moreno,2026,"Computer Science, Physics, Mathematics",D,1,87,+1-944-222-2323x475
Gerald Vaughn,2027,"Computer Science, Chemistry, Biology",B,0,68,(628)595-2402x3547
Michael Paul,2027,"Biology, Mathematics, Physics",F,1,60,846.485.8481x129
Emily Ingram,2027,"Chemistry, Computer Science, Biology",A,0,33,001-739-881-3003x225
Omar Steele,2024,"Biology, Physics, Mathematics",D,0,100,(577)926-3294
David Lara,2024,"Computer Science, Biology, Physics",B,2,61,603-652-6802
Christine Stewart,2024,"Computer Science, Biology, Physics",C,1,94,001-715-703-1044x076
Cindy Higgins,2027,"Physics, Biology, Chemistry",B,2,55,257-882-8473
Thomas Perkins,2024,"Chemistry, Biology, Physics",D,3,83,347-458-6925x85891
Stephanie Thompson,2026,"Computer Science, Mathematics, Biology",B,0,10,+1-604-424-7471
Julian Wright,2028,"Biology, Computer Science, Physics",D,2,34,(903)810-9973x220
Julie Johnson,2026,"Physics, Biology, Mathematics",A,0,13,+1-998-461-8832x61077
Susan Conrad,2027,"Biology, Physics, Computer Science",B,1,74,(788)398-3905x38225
Lisa Savage,2028,"Physics, Chemistry, Computer Science",A,2,74,+1-366-666-3527x944
Meghan Mcbride,2024,"Mathematics, Physics, Biology",D,1,53,900-685-4607
Lori Shannon,2027,"Mathematics, Computer Science, Chemistry",F,2,52,366.285.5734x050
Debra Graham,2025,"Computer Science, Biology, Mathematics",C,1,41,397.479.9922x73956
Matthew Mitchell,2025,"Physics, Mathematics, Chemistry",D,0,81,435-820-4432
Brandi Garcia,2027,"Computer Science, Chemistry, Physics",F,2,89,775.688.7182x343
Nicole Harrington,2027,"Physics, Mathematics, Biology",D,1,83,(825)686-3191
Kyle Meza,2025,"Biology, Physics, Mathematics",C,3,47,491.235.1702x3937
Gregory Jenkins,2024,"Biology, Chemistry, Computer Science",F,0,37,(424)343-2323x86812
Stephanie Jackson,2024,"Physics, Mathematics, Biology",F,1,100,232-417-5983
John Schroeder,2028,"Physics, Chemistry, Biology",D,0,73,513-388-0811
Eric Kim,2026,"Chemistry, Biology, Mathematics",F,2,30,384-436-0604x091
Jason Williams,2028,"Biology, Computer Science, Physics",A,1,48,339.293.4636x3416
Nathan Moran,2028,"Physics, Computer Science, Mathematics",F,2,88,(725)708-0869
Jill Molina,2024,"Chemistry, Physics, Computer Science",B,0,88,001-940-589-5805x30149
Sean Thompson,2026,"Mathematics, Chemistry, Physics",C,2,17,240-776-7451x138
Michael Lewis,2025,"Computer Science, Biology, Chemistry",D,2,5,341-581-0773x6987
Shawn Ryan,2026,"Physics, Computer Science, Chemistry",B,3,61,801-324-8802x430
Amy Lee,2028,"Chemistry, Computer Science, Mathematics",C,1,68,516-334-4700
Jenna Fry,2025,"Mathematics, Physics, Chemistry",A,1,76,(847)850-6688x598
Marcus Drake,2026,"Computer Science, Chemistry, Mathematics",B,3,2,618-977-1592x0695
Michael Trujillo,2027,"Biology, Chemistry, Physics",F,3,88,642-924-6590
Michael Morse,2027,"Biology, Chemistry, Computer Science",B,2,43,(597)240-8436
Debbie Collins,2027,"Chemistry, Biology, Physics",D,0,67,001-711-268-3297x450
Debra Pineda,2028,"Mathematics, Chemistry, Physics",C,3,48,426-775-9055
Timothy Cooper,2026,"Biology, Chemistry, Computer Science",F,3,66,598.578.3072x3197
Amanda Lopez,2024,"Computer Science, Physics, Mathematics",A,3,64,4357247190
Henry Patterson,2027,"Biology, Computer Science, Mathematics",D,0,79,(385)798-9981x922
Stephanie Burns,2025,"Computer Science, Mathematics, Biology",C,0,88,(543)329-5286x606
Troy Williams,2025,"Computer Science, Chemistry, Biology",D,1,40,001-431-244-8992x10533
George Romero,2027,"Chemistry, Biology, Computer Science",D,2,86,425.443.5018x27006
Sarah Johnson,2028,"Physics, Computer Science, Mathematics",A,2,71,4125956467
Lauren Robbins,2028,"Mathematics, Chemistry, Physics",D,2,8,668.891.7420
Melissa Brown,2028,"Physics, Chemistry, Computer Science",D,2,63,832-658-3328x07247
Kayla Sullivan,2027,"Chemistry, Mathematics, Biology",D,1,13,(906)487-9544x795
Stephen Henson,2024,"Physics, Biology, Chemistry",B,0,43,768-855-7489
Zachary Barry,2028,"Computer Science, Biology, Physics",F,3,84,001-989-799-5945x7356
Rachel Price,2026,"Chemistry, Mathematics, Biology",A,0,41,001-308-266-0028
Donald Walton,2025,"Computer Science, Mathematics, Chemistry",A,0,63,+1-222-356-8189x0605
Jason Mckay,2027,"Chemistry, Computer Science, Mathematics",D,2,75,401-722-6396x219
Joshua Villarreal,2027,"Computer Science, Biology, Mathematics",F,1,87,001-989-754-2168x71440
Latasha Johnson,2025,"Physics, Chemistry, Mathematics",F,1,97,739-466-0990x847
Caleb Rosales,2027,"Computer Science, Chemistry, Biology",C,1,61,851.632.9829x400
Melissa Webster,2028,"Computer Science, Chemistry, Physics",C,2,89,861.261.5105x21761
Kevin Mathis,2028,"Physics, Biology, Chemistry",B,2,53,302-259-9445
Andrew Nunez,2025,"Computer Science, Physics, Chemistry",B,2,71,970-493-0971x82125
Erin Gibbs,2028,"Chemistry, Mathematics, Physics",D,1,71,+1-939-867-0979
Joanna Pennington,2026,"Chemistry, Biology, Computer Science",C,2,1,(750)749-8968x458
Jeffrey Richards,2025,"Biology, Computer Science, Physics",F,0,1,001-627-781-2417x07060
Brandon Beck,2028,"Biology, Mathematics, Computer Science",C,0,37,(937)852-0488x8172
Jay Jones,2028,"Mathematics, Chemistry, Biology",D,3,67,(450)389-2593
Deborah Watkins,2026,"Chemistry, Mathematics, Physics",C,2,13,+1-375-377-0180x589
Danielle Anderson,2024,"Mathematics, Physics, Computer Science",C,2,7,741-976-3419
Deborah Odonnell,2024,"Biology, Computer Science, Chemistry",C,3,21,+1-947-752-5513
Tiffany Downs,2025,"Mathematics, Chemistry, Biology",F,2,60,(410)530-0690x86630
Gavin Clark,2028,"Computer Science, Biology, Physics",F,0,80,(250)368-8357
John Mullen,2028,"Computer Science, Mathematics, Physics",B,1,80,001-757-288-8551x2872
Aaron Morris,2025,"Biology, Mathematics, Computer Science",F,2,24,217.613.4615x16799
Javier Hayes,2027,"Biology, Mathematics, Computer Science",D,0,48,(381)997-4479
Billy Valencia,2028,"Biology, Mathematics, Chemistry",B,3,97,444-468-3315x8177
Sarah Thomas,2025,"Biology, Physics, Computer Science",B,1,8,400.944.7402x2790
Alexandra Jones,2025,"Physics, Biology, Chemistry",D,2,92,001-962-220-3158x75892
Shawn Hansen,2027,"Mathematics, Physics, Biology",F,1,15,(433)400-2122
Kristen Ferguson,2024,"Chemistry, Mathematics, Computer Science",A,0,76,726-980-7243x90506
Andrew Olson MD,2025,"Biology, Computer Science, Physics",A,2,43,995-668-2190x38262
Alejandra Williams,2026,"Computer Science, Physics, Biology",C,1,44,001-900-429-6529x29967
Melissa Jackson,2024,"Physics, Biology, Computer Science",A,1,19,747-801-2582x2033
John Moore,2027,"Mathematics, Physics, Biology",F,3,22,422-770-8587
Ashley Smith,2027,"Computer Science, Mathematics, Physics",C,0,19,(254)437-7113x769
Samantha Ryan,2024,"Chemistry, Computer Science, Physics",F,0,22,001-803-240-3034x0777
Erika Kerr,2028,"Biology, Physics, Mathematics",D,1,90,(575)380-4179
Richard Oconnor,2025,"Chemistry, Computer Science, Biology",C,3,5,+1-790-206-7473
Wayne Fischer,2028,"Biology, Physics, Computer Science",A,2,44,409-908-0800x44101
Jennifer Short,2027,"Mathematics, Computer Science, Physics",F,3,22,280-979-4237x2308
Joshua Reed,2028,"Computer Science, Biology, Chemistry",C,1,72,(458)955-8752
Barry Williams,2026,"Chemistry, Physics, Computer Science",F,0,18,+1-903-562-0941
Lisa Leonard,2027,"Computer Science, Physics, Biology",D,1,89,001-459-374-8967
Megan Mcmillan,2026,"Biology, Chemistry, Computer Science",F,0,83,001-393-663-7513x052
David Phillips,2028,"Biology, Physics, Mathematics",B,3,1,001-834-835-1227x21799
Joyce Hernandez,2024,"Biology, Mathematics, Computer Science",C,3,11,+1-285-293-4521x4456
Matthew Lane,2024,"Mathematics, Physics, Computer Science",C,0,68,+1-268-838-3001x477
Danielle Fletcher,2027,"Biology, Mathematics, Physics",D,1,39,652.486.1797x378
Michael Krause,2026,"Mathematics, Biology, Chemistry",A,0,85,(945)509-6063
Taylor Quinn,2024,"Biology, Mathematics, Physics",F,1,13,795.351.0393x2774
Carolyn Baker MD,2028,"Physics, Biology, Mathematics",D,0,40,+1-538-923-8717x6233
Melissa Coleman,2026,"Physics, Computer Science, Mathematics",F,1,68,8206695312
Daniel Weaver,2024,"Mathematics, Biology, Physics",D,2,3,001-450-810-9555x29787
Autumn Hernandez,2028,"Computer Science, Physics, Mathematics",C,0,61,7296302633
Barbara Obrien,2027,"Biology, Mathematics, Physics",B,2,43,853.595.1759x3222
Hayden Williams,2028,"Physics, Biology, Computer Science",B,3,95,(512)272-8140
Michael Moreno,2025,"Biology, Physics, Chemistry",B,3,70,(394)880-5659x28860
Samuel Ramos,2026,"Biology, Physics, Chemistry",C,0,96,4595004477
Eric Burgess,2028,"Computer Science, Chemistry, Mathematics",C,0,1,299.279.5065x6631
Katherine Rivera,2028,"Physics, Mathematics, Computer Science",B,2,60,823-442-4444
Bradley Ramirez,2027,"Chemistry, Biology, Computer Science",F,1,100,534.321.4027x6385
Mary Becker,2026,"Mathematics, Computer Science, Chemistry",D,2,35,341-725-4665x5301
Timothy Bowman,2026,"Biology, Physics, Chemistry",B,3,11,961.940.1481
William Montgomery,2028,"Physics, Biology, Computer Science",C,1,20,258-789-3749x3492
Erin Hayes,2025,"Chemistry, Computer Science, Biology",C,2,59,875.356.7280x583
Tamara Hall,2027,"Mathematics, Physics, Chemistry",B,2,85,781.588.5620x875
Melissa Martin,2025,"Physics, Biology, Chemistry",B,3,21,(511)999-7835
Anthony Cunningham,2025,"Mathematics, Chemistry, Computer Science",B,1,26,+1-287-628-7286x6255
Kirsten Espinoza,2026,"Chemistry, Biology, Computer Science",A,2,56,6908557679
Brad Green,2024,"Mathematics, Computer Science, Chemistry",D,0,97,723-692-0392
John Becker,2028,"Computer Science, Mathematics, Physics",D,3,99,(200)366-0129
Adam Williams,2028,"Chemistry, Biology, Physics",C,1,89,868-967-9109x111
Lauren Lopez,2025,"Biology, Physics, Chemistry",D,3,23,796-701-6212
Emily Williams,2024,"Physics, Computer Science, Chemistry",C,0,52,001-429-428-0449x638
Shawn Lee,2027,"Chemistry, Physics, Mathematics",D,3,72,213-298-7159x097
Melvin Moore,2025,"Mathematics, Computer Science, Biology",C,2,58,5966978243
John Garcia,2027,"Mathematics, Physics, Chemistry",F,0,77,001-549-779-9099
Andrew Rodriguez,2025,"Biology, Physics, Chemistry",F,1,53,6342146086
Tiffany Wood,2026,"Computer Science, Chemistry, Physics",C,0,2,205.319.5231
Madison Harris,2024,"Biology, Mathematics, Chemistry",B,2,82,001-847-866-2676x222
Brittany Smith,2025,"Mathematics, Physics, Biology",C,0,25,208-582-7525
Jenna Ballard,2024,"Biology, Mathematics, Chemistry",D,2,24,5368181256
Michael Johnson,2024,"Chemistry, Mathematics, Computer Science",C,0,45,689.786.9013x770
Christopher Sims,2024,"Computer Science, Chemistry, Mathematics",C,0,97,(891)458-2091x6750
Megan Wells,2024,"Mathematics, Chemistry, Biology",B,2,45,(900)688-1147x529
Belinda Hurley,2024,"Computer Science, Chemistry, Mathematics",D,2,1,+1-841-818-6582x9816
Mrs. Christina Jordan,2024,"Biology, Chemistry, Mathematics",A,0,44,240-812-8826x2013
Leah Huang,2026,"Biology, Chemistry, Computer Science",C,1,26,001-368-885-8329x7077
Stacey Robbins,2027,"Physics, Mathematics, Chemistry",F,0,66,(288)845-9568x4878
Jenny Rangel MD,2025,"Biology, Mathematics, Chemistry",D,2,22,883-379-7413
Jennifer Short,2025,"Mathematics, Biology, Physics",C,0,72,779-750-5310x7083
Ruth Bennett,2027,"Computer Science, Chemistry, Mathematics",A,0,19,+1-437-938-7655x06584
Stephanie Hall,2024,"Computer Science, Physics, Mathematics",A,3,27,364.888.7767x0415
Gregory Hanson,2026,"Physics, Biology, Chemistry",B,2,53,(470)292-7495x0454
Mrs. Adrienne Jacobs,2028,"Physics, Mathematics, Computer Science",B,0,29,686-546-1663
Ruth Case,2026,"Mathematics, Chemistry, Physics",D,3,90,648-731-6952x746
Megan Hartman DDS,2028,"Biology, Chemistry, Computer Science",C,1,47,001-498-508-0023x3844
Christian Davidson,2027,"Biology, Physics, Chemistry",C,0,24,257-873-9969x370
Donna Bright,2024,"Physics, Computer Science, Chemistry",F,2,78,640.451.3965x20367
Jennifer Warren,2026,"Biology, Chemistry, Physics",A,3,53,646.455.7905
Sharon Ramirez,2025,"Biology, Computer Science, Mathematics",D,1,39,001-783-672-3142x55159
Benjamin Williams,2027,"Physics, Biology, Chemistry",C,1,15,499-779-3163x5705
Dominique Lucas,2028,"Chemistry, Physics, Mathematics",F,3,100,(978)611-3573x839
Lauren Raymond,2028,"Biology, Physics, Chemistry",D,2,45,+1-451-791-3540x17410
Kenneth Le,2026,"Mathematics, Biology, Chemistry",D,1,79,001-874-492-6177x99811
Sarah Nelson,2026,"Chemistry, Biology, Computer Science",C,3,77,(981)529-5798
Paula Meyers,2028,"Biology, Chemistry, Physics",B,3,81,001-620-876-0185
Julia Hensley,2027,"Mathematics, Computer Science, Chemistry",B,0,30,224.977.4146x3368
Elizabeth Silva,2027,"Mathematics, Computer Science, Physics",A,3,27,929.571.0240
Kelli Li,2026,"Chemistry, Computer Science, Mathematics",C,0,16,532-704-6801x2494
Teresa Wilson,2027,"Physics, Biology, Chemistry",C,3,17,630-410-6194
Donna Nguyen,2024,"Mathematics, Physics, Computer Science",D,3,91,711.555.4531
Kayla Davis,2028,"Computer Science, Chemistry, Physics",C,3,69,(439)278-6785x177
Christina Lynch,2027,"Computer Science, Physics, Mathematics",A,3,99,507.243.2515x455
Julie Higgins,2024,"Computer Science, Mathematics, Biology",B,1,83,+1-986-699-3569x3528
Peter Hodges,2028,"Mathematics, Chemistry, Physics",A,2,23,2589963292
Jerry Ortega,2025,"Computer Science, Physics, Chemistry",F,3,13,001-591-796-6485x5631
Adam Rios,2025,"Computer Science, Chemistry, Mathematics",F,2,76,869-327-6590
Bobby Moss,2025,"Mathematics, Biology, Computer Science",D,2,62,001-625-256-2722x7848
Christina Sanders,2027,"Chemistry, Physics, Biology",F,0,15,828.960.0632
Michael Gilbert,2024,"Mathematics, Physics, Computer Science",A,0,91,568.947.8939x7613
David Walker,2027,"Chemistry, Biology, Mathematics",C,2,22,001-467-249-4021x6695
Ralph Ramos,2025,"Physics, Chemistry, Computer Science",F,3,30,925-812-0475
Samantha Smith,2026,"Mathematics, Biology, Physics",B,1,78,425.647.4535x750
Faith Hunter,2025,"Physics, Chemistry, Computer Science",D,0,19,899.289.8847x309
Jerome Moore,2024,"Biology, Computer Science, Chemistry",B,1,40,657-883-5879
Jennifer Harmon,2025,"Mathematics, Chemistry, Biology",D,1,98,732-714-7908x3166
Monique Thomas,2028,"Computer Science, Mathematics, Physics",D,3,90,(657)893-3469
Hannah Medina,2024,"Mathematics, Physics, Chemistry",C,0,66,+1-549-602-9725x8707
Christopher Matthews,2026,"Chemistry, Physics, Computer Science",F,3,81,8536930357
Douglas Garcia,2025,"Biology, Computer Science, Mathematics",D,2,37,789.238.8038
Cindy Martin,2024,"Chemistry, Computer Science, Biology",C,1,66,001-328-505-6758x52329
Jackie Jimenez,2027,"Chemistry, Physics, Computer Science",C,1,60,683.613.6002x896
Amy Jones,2028,"Mathematics, Chemistry, Computer Science",D,3,55,001-517-899-9687x450
Joseph Brown,2024,"Computer Science, Biology, Chemistry",B,2,60,001-794-547-1158x58558
Jennifer Holloway,2028,"Physics, Chemistry, Biology",F,3,68,915.354.8375x9708
Denise Dunn,2026,"Chemistry, Physics, Mathematics",A,3,81,001-896-254-0641x796
Gregory Hale,2026,"Physics, Computer Science, Biology",A,1,80,933-960-2480
Erica Knox,2025,"Physics, Mathematics, Computer Science",A,1,70,+1-292-940-1781x9777
George Fields,2024,"Chemistry, Mathematics, Physics",A,2,26,001-533-205-5137
Jill Davis,2028,"Computer Science, Biology, Chemistry",C,0,30,+1-754-544-6310x938
Keith Herrera,2025,"Computer Science, Physics, Chemistry",B,1,28,+1-546-742-2192x8816
Amanda Foster,2026,"Computer Science, Mathematics, Physics",F,3,9,210.710.0642x9584
Meghan Brown,2027,"Chemistry, Computer Science, Physics",D,3,70,932-751-5604x33122
Andrew Adams,2024,"Computer Science, Physics, Biology",A,0,35,878.354.8352
Karen Murphy,2028,"Biology, Computer Science, Mathematics",D,1,23,288-952-7044x72987
Mark Mcintyre,2025,"Chemistry, Mathematics, Computer Science",F,2,100,(824)436-8765
Miguel Alvarez,2027,"Chemistry, Biology, Mathematics",C,1,98,370-683-3033
Austin Johnson,2026,"Mathematics, Chemistry, Physics",F,1,24,881-889-0476x629
Ashley Zimmerman,2026,"Biology, Computer Science, Mathematics",C,3,40,603-240-3779
Chris Ortiz,2026,"Mathematics, Computer Science, Chemistry",A,0,33,633-886-8704x45142
Aaron Contreras,2026,"Computer Science, Physics, Mathematics",C,3,46,620.754.3455x298
Julie Rose,2027,"Biology, Chemistry, Mathematics",A,0,77,7755989733
Yvonne Jefferson,2026,"Physics, Computer Science, Mathematics",C,1,71,522.725.0029x1497
Amanda Hodges,2026,"Physics, Mathematics, Biology",D,0,20,293-823-2513x169
Patrick Winters,2027,"Mathematics, Computer Science, Chemistry",F,3,93,533.731.6850x91447
Erin Walker,2025,"Biology, Physics, Chemistry",F,3,15,812.839.7824x206
Brandon Rogers,2025,"Computer Science, Mathematics, Chemistry",A,1,39,(904)834-5873x717
Cynthia Simpson,2025,"Computer Science, Biology, Physics",C,3,45,331.707.8675
Anthony Hartman,2028,"Mathematics, Chemistry, Computer Science",B,2,44,370-714-2043x5250
Kristen Martin,2028,"Biology, Mathematics, Physics",B,0,49,001-532-440-9868
Wanda May,2025,"Biology, Computer Science, Physics",D,1,81,8589455128
Patricia Brady,2027,"Computer Science, Biology, Physics",F,2,3,(463)340-7154x659
Melissa Anderson,2024,"Computer Science, Biology, Mathematics",B,1,18,(820)913-7266x28542
Ms. Brenda Mcmillan,2025,"Chemistry, Computer Science, Mathematics",D,2,57,280-870-7765
Samuel Lozano,2028,"Computer Science, Mathematics, Physics",D,0,46,001-335-812-1599x514
Brenda Rodriguez,2028,"Biology, Physics, Computer Science",C,1,24,456-279-6466
Melissa Crawford,2027,"Mathematics, Biology, Chemistry",C,3,100,246.786.6717x2129
Travis Lee,2024,"Chemistry, Mathematics, Biology",D,3,64,676-966-8152x11346
David Edwards,2028,"Chemistry, Mathematics, Biology",A,2,25,6176721447
Kathy Mendoza,2026,"Chemistry, Biology, Physics",C,3,50,630-641-3655
Allison Taylor,2024,"Physics, Computer Science, Biology",A,1,91,001-387-384-8099x71273
Crystal Hernandez,2027,"Chemistry, Computer Science, Biology",C,2,61,001-665-601-4593x75480
Joseph Fuentes,2026,"Biology, Physics, Chemistry",B,1,50,001-368-207-1170x2272
April Jenkins,2025,"Biology, Chemistry, Mathematics",F,0,25,(347)430-2378x35746
Jennifer Harmon,2028,"Biology, Computer Science, Physics",A,0,37,001-427-461-8583
Emily Reed,2025,"Biology, Computer Science, Mathematics",C,2,71,001-204-917-0224
Kristine Phillips,2025,"Computer Science, Chemistry, Physics",C,2,21,8579044841
James Lynch,2024,"Biology, Computer Science, Mathematics",F,1,61,+1-755-900-9740x2427
Jacqueline Lee,2026,"Chemistry, Biology, Physics",A,2,77,+1-546-787-2185x8679
Tyler Robbins,2028,"Physics, Computer Science, Chemistry",C,1,5,856-608-1091
Morgan Macias,2026,"Physics, Chemistry, Biology",D,1,33,2162406865
David Schaefer,2028,"Computer Science, Biology, Mathematics",D,0,60,001-744-307-1585x580
Curtis Adams,2028,"Physics, Computer Science, Mathematics",C,1,47,671-284-7054
Steven Reed,2026,"Computer Science, Physics, Biology",A,2,43,+1-222-417-6158x35372
Dwayne Marshall,2024,"Biology, Chemistry, Mathematics",A,0,31,793.673.0660
Thomas Parker,2028,"Chemistry, Physics, Computer Science",B,1,21,590.659.2797x4799
Eduardo Abbott,2028,"Biology, Computer Science, Mathematics",B,0,47,447-381-5980x6878
Christopher Kelly,2025,"Physics, Chemistry, Mathematics",D,3,13,+1-876-512-2153x3516
Robert Davis,2024,"Physics, Biology, Mathematics",C,2,64,386-972-9959x89665
Steven Middleton,2024,"Mathematics, Physics, Chemistry",B,2,29,2393842426
Kristie Robinson,2025,"Physics, Mathematics, Chemistry",A,0,63,825.803.6745
Joseph Green,2025,"Mathematics, Computer Science, Biology",C,0,86,001-646-354-3146x8359
Jeff Guerrero MD,2026,"Biology, Chemistry, Computer Science",F,0,96,718.986.2276
Matthew Nelson,2025,"Computer Science, Mathematics, Chemistry",A,1,34,001-590-388-5060x585
Bonnie Lee,2025,"Computer Science, Mathematics, Biology",F,0,48,414.257.2036x274
Kevin Cortez,2025,"Chemistry, Physics, Biology",F,1,12,001-677-227-7167x7584
Darrell Brooks,2028,"Biology, Mathematics, Computer Science",A,3,68,264-467-6283x4166
Heather Jimenez,2025,"Biology, Computer Science, Physics",C,2,29,672-743-5044x5106
Veronica Carroll,2026,"Mathematics, Biology, Chemistry",C,0,56,387-463-6034x22237
Summer Knight,2024,"Biology, Physics, Chemistry",A,2,39,+1-494-643-6407
Doris Suarez,2024,"Computer Science, Chemistry, Physics",D,0,36,+1-981-438-7597
Jamie Leonard,2027,"Physics, Chemistry, Biology",D,0,99,967-778-0948x261
Dr. Cindy Richardson MD,2025,"Mathematics, Chemistry, Physics",A,2,27,+1-456-564-7179x443
Christine Clark,2027,"Biology, Chemistry, Mathematics",A,2,38,(653)535-3509
Emily Evans,2028,"Physics, Mathematics, Computer Science",B,3,38,001-311-948-3567x67803
Rhonda Richardson,2025,"Physics, Biology, Computer Science",A,1,98,7029940442
Daniel Watkins,2027,"Physics, Chemistry, Computer Science",A,0,45,972.595.6216
Angela Henderson,2025,"Computer Science, Physics, Chemistry",A,1,25,271-559-7893x27989
Darrell Lucero,2027,"Physics, Biology, Chemistry",C,0,47,+1-225-511-3000
Russell Farmer,2024,"Physics, Mathematics, Chemistry",C,1,5,001-301-971-7488x9273
Jimmy Sutton,2026,"Mathematics, Biology, Computer Science",A,3,19,(347)444-4934
Nicholas Gonzales,2024,"Chemistry, Computer Science, Biology",F,1,81,333-664-0126
Andrea Velazquez,2025,"Biology, Physics, Mathematics",A,1,67,+1-699-923-4963x631
Hailey Harris,2027,"Chemistry, Biology, Physics",A,2,7,(816)661-0276x948
Mr. Jason Robinson,2028,"Mathematics, Chemistry, Physics",A,3,99,3936171755
Bryan Anderson,2026,"Biology, Computer Science, Mathematics",C,0,46,772.235.7815
Aaron Martinez,2024,"Biology, Mathematics, Physics",C,1,63,001-612-533-7576x0766
Bonnie Carter,2025,"Mathematics, Biology, Physics",A,1,93,766.977.0597
Jennifer Jones,2024,"Computer Science, Mathematics, Chemistry",A,3,51,+1-203-255-2366x14571
Justin Rasmussen,2026,"Mathematics, Chemistry, Physics",C,3,69,(861)697-5167x226
Justin Clark,2027,"Mathematics, Computer Science, Chemistry",B,0,51,392.706.1775x30491
Lisa Simon,2025,"Computer Science, Biology, Physics",A,2,17,(550)700-0993x698
Debbie Webb,2025,"Mathematics, Chemistry, Physics",B,3,40,+1-419-538-0155x120
Steven Jones,2027,"Chemistry, Computer Science, Physics",A,0,96,001-615-779-2609x8010
Allison Perez,2024,"Mathematics, Physics, Chemistry",C,0,56,(932)574-8438x7059
Annette Carter,2024,"Chemistry, Computer Science, Mathematics",A,0,39,5695164863
Russell Snow,2027,"Physics, Chemistry, Biology",C,2,43,(452)758-8791
James Brown,2025,"Computer Science, Biology, Chemistry",A,1,61,487.632.3195x365
Caleb Burns,2026,"Physics, Chemistry, Mathematics",C,3,59,434-739-8097x86176
Charles Gibson,2027,"Biology, Mathematics, Computer Science",D,1,92,+1-253-345-8715
Brenda Silva,2026,"Computer Science, Physics, Biology",F,2,19,234.553.0534x0264
David Frederick,2024,"Chemistry, Mathematics, Computer Science",B,3,30,384.806.8962x9623
Timothy Campbell,2026,"Biology, Computer Science, Mathematics",A,3,55,001-207-324-1767x895
Daniel Robinson,2028,"Biology, Physics, Chemistry",D,1,54,3672853368
Miguel Thomas,2025,"Chemistry, Biology, Computer Science",F,0,67,898.862.5092x26919
Robert Blair,2026,"Chemistry, Mathematics, Computer Science",F,2,94,700.476.8082x43430
Hannah Clark,2027,"Biology, Mathematics, Physics",F,0,20,+1-293-537-2064x1394
Emily Barnett,2024,"Biology, Computer Science, Chemistry",C,2,70,988.965.5177x540
James Miller,2026,"Computer Science, Mathematics, Chemistry",C,1,18,7662093474
David Gates,2026,"Physics, Chemistry, Computer Science",D,1,96,6213047693
Benjamin Carlson,2026,"Computer Science, Physics, Biology",B,0,64,652.584.4399x0438
Jeremy Cherry,2026,"Mathematics, Physics, Biology",D,0,92,446.541.5464x2208
Kaylee Beard,2024,"Mathematics, Computer Science, Chemistry",A,3,18,594-497-1440x32683
Ashley Zuniga,2024,"Chemistry, Physics, Computer Science",A,2,91,001-380-803-4672
Angela Clark,2027,"Computer Science, Biology, Chemistry",D,3,67,+1-283-219-1982x722
Tracy Hill,2026,"Computer Science, Physics, Chemistry",D,0,37,(928)440-4635x85561
Carrie Kidd,2026,"Chemistry, Physics, Mathematics",F,3,21,818.883.2100
Colleen Russell,2025,"Physics, Chemistry, Mathematics",F,1,37,593-231-8460
Katrina Osborn,2026,"Computer Science, Biology, Mathematics",A,2,82,797-758-1150
Joe Henry,2024,"Biology, Chemistry, Computer Science",C,3,10,418-658-7722
Brooke White,2024,"Mathematics, Physics, Computer Science",C,2,43,424.248.9018x6602
Nathan Terrell,2025,"Biology, Physics, Computer Science",D,2,8,304-361-6336x24686
Sarah Watkins,2026,"Physics, Biology, Computer Science",B,3,13,519.311.2065
Andrea Mcdonald,2024,"Physics, Computer Science, Chemistry",A,3,69,895-401-1753x118
Rebecca Bolton,2028,"Computer Science, Physics, Chemistry",A,3,51,(376)919-7533x89125
Scott Hayes,2026,"Physics, Biology, Computer Science",A,0,23,305.617.5771x71730
Justin Guzman,2027,"Chemistry, Mathematics, Biology",F,0,76,001-563-713-7908x969
Sophia Montoya,2028,"Computer Science, Chemistry, Biology",A,1,83,+1-213-350-1131
Kristy Hall,2025,"Chemistry, Mathematics, Computer Science",D,1,83,(622)722-3757x851
Brianna Jenkins,2028,"Chemistry, Physics, Biology",D,1,94,434-860-4529
Lucas Ortiz,2025,"Biology, Chemistry, Physics",B,1,50,569.897.5656
Julie Choi,2024,"Computer Science, Mathematics, Biology",F,1,41,(784)212-4943x705
Ashley Barnett,2024,"Computer Science, Biology, Physics",F,3,55,(698)513-4822x196
Matthew Peterson,2025,"Physics, Mathematics, Chemistry",F,3,91,(730)418-6585
Gary Arnold,2026,"Biology, Physics, Computer Science",A,0,32,941.542.8486
Steven Pitts,2028,"Biology, Chemistry, Mathematics",C,3,8,362-930-2606x25474
Morgan Jennings,2024,"Physics, Biology, Computer Science",A,3,38,447.600.9486
Christine Howard,2026,"Biology, Chemistry, Physics",B,3,1,681.876.7070x3552
Bethany Green,2024,"Computer Science, Chemistry, Physics",C,3,78,827-445-1898
Nicholas Barrett,2024,"Chemistry, Mathematics, Physics",B,2,80,001-997-735-3726x6955
Leroy Bradley,2026,"Physics, Mathematics, Computer Science",C,1,84,(609)327-8138
Terri Atkins,2025,"Mathematics, Computer Science, Biology",C,0,24,221.706.5426
Patricia Morris,2028,"Chemistry, Computer Science, Biology",F,2,87,+1-444-281-9483x88875
Brandon Beltran,2028,"Mathematics, Biology, Chemistry",C,1,61,564-922-4823x0635
Bradley James,2025,"Chemistry, Computer Science, Mathematics",A,1,23,407.508.4179
Amanda Shepherd,2026,"Biology, Mathematics, Physics",B,0,20,463-990-5263
Jeremy Sawyer,2028,"Chemistry, Biology, Mathematics",C,2,17,(237)674-1124
Douglas Webb,2026,"Physics, Chemistry, Mathematics",A,0,34,642.919.2282x767
Andrea Carter,2028,"Computer Science, Mathematics, Chemistry",C,2,2,394.872.9193x18677
Heather Walsh,2024,"Chemistry, Physics, Computer Science",F,1,86,(781)749-7569x23261
Evan Clayton,2028,"Physics, Mathematics, Chemistry",A,3,96,3558130292
Elizabeth Silva,2024,"Mathematics, Chemistry, Computer Science",B,0,39,457-417-0243
Elizabeth Hall,2025,"Physics, Biology, Computer Science",B,3,100,229.820.3931
Susan Burke,2026,"Biology, Mathematics, Chemistry",F,3,50,523.520.3511
Eileen Whitaker,2027,"Biology, Chemistry, Computer Science",F,1,11,526.654.1257
Mark Bird,2025,"Computer Science, Mathematics, Physics",F,1,4,(762)631-5479x62104
Vernon Jackson,2027,"Physics, Biology, Chemistry",D,0,57,+1-500-723-2030x4914
Ronnie Francis,2024,"Chemistry, Mathematics, Physics",A,2,93,001-313-834-8841x7490
Bryan Guzman,2024,"Physics, Biology, Chemistry",D,0,21,(348)334-5658
Sydney Good,2027,"Chemistry, Biology, Physics",D,1,23,(920)709-0372
Katherine Walker,2027,"Biology, Physics, Chemistry",A,0,92,727.297.4674x1878
Dennis Taylor,2024,"Physics, Biology, Chemistry",D,2,37,(785)950-0951
Thomas Nichols,2025,"Chemistry, Mathematics, Biology",A,2,89,001-322-431-4893
Lisa Preston,2028,"Biology, Mathematics, Physics",C,1,7,539-620-6086
Sarah Schmitt,2025,"Biology, Mathematics, Computer Science",B,3,34,(251)665-1749x6730
David Bowers,2024,"Chemistry, Physics, Biology",D,2,82,(711)609-8653
Jonathan Young,2026,"Biology, Physics, Mathematics",D,1,66,001-666-718-3529
Jason Patterson,2028,"Biology, Mathematics, Computer Science",B,0,29,624.263.7825
Jenny Brown,2027,"Chemistry, Mathematics, Physics",D,3,86,4848060538
Adrian Montoya,2026,"Biology, Computer Science, Physics",A,2,17,887.780.4911x5721
Carolyn Young,2025,"Computer Science, Biology, Chemistry",D,1,44,+1-747-814-8011
Bradley Walker,2024,"Biology, Physics, Chemistry",D,1,8,3409946292
Ronald Hayden,2025,"Computer Science, Physics, Mathematics",A,2,96,+1-265-510-3123x860
Jason Everett,2026,"Mathematics, Physics, Computer Science",C,0,65,526-558-9409x39044
Angela Brock,2026,"Chemistry, Computer Science, Biology",F,0,78,(942)220-8352x2149
Tara Vaughan,2024,"Chemistry, Physics, Mathematics",D,2,56,829-789-4244
Joshua Dixon II,2027,"Mathematics, Physics, Computer Science",A,1,66,326.408.7308x08273
Lawrence Hernandez,2024,"Chemistry, Physics, Mathematics",C,0,6,252.323.3158x5600
Margaret Le,2027,"Physics, Chemistry, Mathematics",D,2,8,461.326.9736
Dr. Dana Oliver,2027,"Chemistry, Biology, Mathematics",D,2,53,9554042708
Kristen Hall,2028,"Chemistry, Physics, Computer Science",B,1,37,+1-655-885-0247x974
Leroy Zuniga,2027,"Biology, Chemistry, Mathematics",A,0,23,(651)990-8453x08648
Gregory Scott,2024,"Mathematics, Biology, Physics",F,3,10,413-351-6335
Hailey Greene,2025,"Mathematics, Computer Science, Physics",A,1,91,+1-352-396-5483x54717
Trevor Wright,2026,"Chemistry, Mathematics, Biology",C,3,55,9973848103
Lynn Campbell,2024,"Chemistry, Physics, Biology",F,2,64,+1-778-586-4923x196
Benjamin Schwartz,2028,"Mathematics, Physics, Computer Science",D,1,27,(796)538-9971
Dr. Robert Padilla,2025,"Physics, Biology, Chemistry",B,0,77,845-772-7686x90958
Steven Ramirez,2026,"Mathematics, Computer Science, Biology",F,2,63,001-642-451-0854x78825
Dana White,2026,"Computer Science, Physics, Biology",B,2,61,+1-637-233-4996x04358
Patrick Cobb,2024,"Biology, Chemistry, Computer Science",A,1,12,(800)581-2223x263
Dana Fernandez,2024,"Computer Science, Biology, Physics",F,1,45,+1-767-593-2242x7943
Ryan Adams,2028,"Mathematics, Computer Science, Physics",D,0,66,001-435-828-5403x66163
Kayla Patrick,2027,"Mathematics, Chemistry, Physics",D,1,7,(581)795-1529
David Banks,2026,"Biology, Chemistry, Computer Science",B,3,74,+1-225-338-0204x30569
Katherine Green,2027,"Physics, Mathematics, Biology",A,3,93,(965)535-9815x227
Dr. Shelby Dominguez MD,2028,"Physics, Chemistry, Computer Science",B,0,13,(731)595-6487
Antonio Williams,2025,"Biology, Physics, Computer Science",F,1,25,998.917.2328
Megan Odom,2024,"Computer Science, Chemistry, Mathematics",A,2,40,322-628-5864x1270
Nicole Bean,2026,"Biology, Mathematics, Physics",D,3,10,001-465-855-6365
Jacob Wiggins,2026,"Chemistry, Computer Science, Biology",F,0,55,783-472-4931x9619
Jennifer Gonzales,2025,"Chemistry, Mathematics, Computer Science",B,3,82,(706)890-4388x9138
Leroy Hayes,2024,"Physics, Mathematics, Computer Science",F,1,33,(333)603-4260
Jamie Mason,2024,"Computer Science, Physics, Chemistry",C,0,54,+1-311-954-6495x635
Christian Young II,2024,"Physics, Computer Science, Mathematics",F,0,62,(339)659-6133
Cheryl Bailey,2024,"Mathematics, Biology, Computer Science",F,2,5,+1-238-980-4040x0470
Todd Middleton,2024,"Chemistry, Biology, Mathematics",A,0,39,203-590-7043x67940
Luis Nguyen,2027,"Mathematics, Computer Science, Chemistry",B,3,19,447-426-8056
Steven Clark,2025,"Computer Science, Chemistry, Biology",A,2,53,(915)629-2366
Juan Cooper,2024,"Chemistry, Computer Science, Physics",F,1,4,+1-734-861-7833x251
Beth Thomas,2027,"Mathematics, Computer Science, Biology",B,0,67,796.848.3563x40975
Rebecca Carter,2028,"Computer Science, Biology, Chemistry",B,1,37,(724)920-8230
Samantha Howard,2026,"Mathematics, Computer Science, Biology",B,0,25,+1-970-821-3251
Donna Thornton,2026,"Chemistry, Biology, Computer Science",D,2,25,(671)314-2295x331
Emily Flynn,2028,"Mathematics, Physics, Biology",F,1,16,751-646-4800x49655
Christopher Mills,2025,"Mathematics, Physics, Biology",F,3,2,802.991.2056x326
Laura Jackson,2024,"Chemistry, Physics, Mathematics",C,0,35,+1-896-992-6068
Isaac Sparks,2028,"Biology, Computer Science, Mathematics",D,1,95,001-442-601-3661x0069
Peggy Grant,2025,"Computer Science, Mathematics, Biology",C,1,14,001-337-790-6288x00750
Kristi Cochran,2028,"Computer Science, Chemistry, Physics",C,2,83,468-310-9401x935
Kenneth Galvan,2024,"Mathematics, Physics, Biology",A,1,86,529.594.0009x54864
Eric Jackson,2027,"Biology, Computer Science, Physics",B,1,8,001-362-813-1659x47504
Christian Stephens,2024,"Computer Science, Physics, Biology",B,0,44,+1-709-777-7440
John Harrison,2028,"Physics, Computer Science, Chemistry",B,1,83,+1-606-446-0186x088
James Randolph,2024,"Physics, Computer Science, Mathematics",A,1,51,(565)509-5941
Debra Carson,2027,"Biology, Physics, Computer Science",B,2,76,+1-459-629-3101x60026
Jessica Moore,2025,"Mathematics, Physics, Biology",A,0,41,226-551-7280
William Thompson,2027,"Mathematics, Chemistry, Biology",A,3,2,(667)905-7204x22617
Jeffrey Hammond,2026,"Physics, Mathematics, Chemistry",C,0,59,(700)633-4714x55566
Amber Rich,2026,"Computer Science, Physics, Biology",D,1,5,352.749.7985x6145
Daniel Cervantes,2025,"Biology, Mathematics, Physics",D,2,16,8196143418
Elizabeth Bentley,2024,"Mathematics, Physics, Biology",B,0,7,845.624.4266x984
Aaron Wilson,2024,"Biology, Chemistry, Computer Science",B,3,60,767.753.4235
Marie Lara,2028,"Mathematics, Chemistry, Computer Science",B,1,41,(448)256-4037
Anthony Rogers,2028,"Physics, Computer Science, Chemistry",D,2,87,650.658.4111x40982
Benjamin Wagner,2026,"Computer Science, Biology, Chemistry",F,2,91,(279)584-8866x802
Kelly West,2025,"Mathematics, Chemistry, Computer Science",B,3,96,530-547-0397x03166
Judy Crawford,2025,"Biology, Mathematics, Computer Science",D,2,90,+1-322-687-8013x09536
Tara Crawford,2027,"Computer Science, Mathematics, Chemistry",A,1,38,241.265.0759
Marcus Cruz,2025,"Computer Science, Physics, Biology",F,0,70,622-895-6336
Samuel Davis,2026,"Biology, Chemistry, Mathematics",B,0,85,874.398.9505x69637
Anthony Bowen,2025,"Biology, Mathematics, Computer Science",F,2,70,301.325.0930x170
Elizabeth Hendrix,2025,"Mathematics, Biology, Chemistry",D,0,48,001-521-789-6355x36126
Brandy Ramirez,2025,"Mathematics, Chemistry, Biology",A,0,53,(441)403-7586x44107
Jonathan Baird,2024,"Physics, Biology, Chemistry",B,3,77,493-863-5197
Mr. Eric Jones DVM,2028,"Biology, Mathematics, Computer Science",F,0,91,410.737.7792
Derek Bryant,2024,"Computer Science, Physics, Chemistry",C,0,70,204-307-9055x9769
Patrick Huber,2026,"Biology, Mathematics, Physics",A,0,13,220.845.7954
Paul May,2026,"Biology, Mathematics, Physics",C,1,10,001-356-397-3306x13248
Sheila Castillo,2028,"Mathematics, Chemistry, Computer Science",F,0,54,611.423.7520x3986
Joseph Serrano,2024,"Mathematics, Physics, Chemistry",F,0,71,(292)666-4933x51016
Devin Norton,2026,"Mathematics, Biology, Chemistry",D,1,48,750.273.1026
Mackenzie Mejia,2028,"Chemistry, Computer Science, Mathematics",D,0,53,+1-953-234-1094x987
Sarah Pacheco,2027,"Biology, Chemistry, Mathematics",A,2,32,297.556.8506x96591
Richard Randolph,2028,"Biology, Chemistry, Physics",D,3,76,(461)616-4307x68302
Lynn Boyer,2028,"Biology, Computer Science, Physics",F,2,92,7156901292
Donald Weaver,2024,"Computer Science, Physics, Chemistry",A,3,92,+1-478-529-8499x1437
Heather Kerr,2026,"Biology, Chemistry, Mathematics",D,1,9,6913403312
Lisa Reeves,2028,"Mathematics, Biology, Physics",C,2,99,941-559-0561
David Miles,2025,"Mathematics, Chemistry, Biology",C,0,58,(237)806-7048
Vincent Bullock,2026,"Mathematics, Physics, Biology",B,2,41,+1-857-983-6933x7922
Larry Weber,2024,"Mathematics, Chemistry, Biology",A,3,25,+1-777-212-0745
Paige Moore,2028,"Biology, Mathematics, Physics",C,2,17,220-980-6528
David Levy,2026,"Mathematics, Computer Science, Physics",B,2,22,+1-351-560-1673x04295
Ms. Nancy Holmes DDS,2028,"Physics, Mathematics, Chemistry",F,2,12,751-434-3001
Steven Phillips,2025,"Computer Science, Physics, Mathematics",C,1,9,876.830.6911x353
Cheryl Taylor,2027,"Computer Science, Physics, Chemistry",A,3,65,321.713.4778x16110
Michael Savage,2027,"Computer Science, Chemistry, Biology",C,0,56,001-225-672-6130x7434
Matthew Lewis,2026,"Biology, Computer Science, Physics",A,0,77,001-390-374-1162
Kathryn Griffith,2025,"Computer Science, Physics, Biology",C,2,43,001-443-649-6875x9953
Brian Lee,2025,"Computer Science, Mathematics, Biology",A,3,94,889.758.8465x3638
April Robertson,2025,"Mathematics, Chemistry, Physics",A,2,47,4182353704
Lauren Daniel,2028,"Physics, Biology, Mathematics",A,3,60,952-738-3304x8433
James Kelly,2026,"Computer Science, Physics, Mathematics",F,1,92,824-745-2024
Tracey Smith,2024,"Biology, Physics, Chemistry",A,2,83,001-367-636-4011x39084
Kurt Knight,2027,"Physics, Computer Science, Mathematics",F,3,70,001-974-727-8394x187
Christina Sanchez,2024,"Chemistry, Computer Science, Biology",D,0,42,5627882835
Stephanie Compton,2025,"Chemistry, Mathematics, Computer Science",B,1,36,+1-739-612-0637x0744
Michele Booth,2025,"Physics, Mathematics, Biology",B,1,79,333.587.4386x16350
Kevin Benson,2026,"Physics, Chemistry, Mathematics",B,0,50,+1-842-709-2588x9259
Anna Young,2027,"Biology, Physics, Chemistry",A,3,69,287-866-0428
Sean Perry,2024,"Chemistry, Physics, Biology",A,2,57,(289)356-4555
Jeremy Hamilton,2025,"Computer Science, Biology, Mathematics",A,0,92,899.292.5274x9939
Jose Rhodes,2028,"Mathematics, Biology, Computer Science",F,2,69,001-633-281-3231x151
Neil Vasquez,2026,"Mathematics, Physics, Chemistry",F,2,20,(868)814-4629
David Jones,2028,"Physics, Biology, Chemistry",F,3,61,+1-952-956-5869
Richard Allen,2028,"Computer Science, Mathematics, Biology",B,0,21,605.912.5624x91952
Brad Orr,2025,"Physics, Chemistry, Mathematics",F,2,95,619.364.7172
Christopher Page,2026,"Physics, Mathematics, Computer Science",A,3,80,+1-593-949-0572x0872
Ann Flores,2028,"Mathematics, Computer Science, Chemistry",A,3,29,+1-288-759-2349x12338
Alan Lopez,2028,"Chemistry, Mathematics, Physics",F,3,19,(835)794-5429x5630
Chase Anderson,2026,"Chemistry, Biology, Physics",A,1,56,286.994.2069x10513
Brandon Andersen,2024,"Physics, Mathematics, Chemistry",D,2,38,367-899-6766
Kristy Pearson,2025,"Computer Science, Chemistry, Physics",B,0,68,001-705-225-6108x60869
Anthony Rodriguez,2024,"Mathematics, Physics, Computer Science",C,2,88,+1-660-585-3957x43523
Michael Soto,2024,"Physics, Computer Science, Mathematics",B,0,15,282.637.1006x45371
Brian Wallace,2026,"Biology, Mathematics, Computer Science",D,0,28,9433182247
Barbara Chandler,2026,"Computer Science, Physics, Biology",A,3,9,461-236-5121
David Pope,2028,"Physics, Chemistry, Mathematics",A,2,21,001-849-260-0466x843
Debra Moreno,2024,"Computer Science, Physics, Biology",F,3,66,(724)425-8175x373
John Wright,2026,"Biology, Computer Science, Physics",A,2,64,+1-837-488-0535
Wendy Moore,2026,"Physics, Biology, Computer Science",B,3,2,(398)792-8425
Susan White,2026,"Biology, Physics, Chemistry",C,1,85,513-373-8919x06149
Stephanie Fry,2025,"Mathematics, Computer Science, Biology",D,3,75,933-425-9250x698
Sharon Mcdaniel,2024,"Biology, Mathematics, Computer Science",F,2,100,(677)668-5830x901
Tammy Smith,2024,"Physics, Computer Science, Chemistry",D,2,83,+1-897-984-0062x415
Kelsey Peterson,2027,"Computer Science, Physics, Mathematics",A,3,23,289-858-0056x211
Paula Johnson,2027,"Biology, Chemistry, Mathematics",C,1,15,238-649-7838
Jeffery Harvey,2025,"Biology, Chemistry, Mathematics",A,0,21,+1-787-929-9615x0252
Linda Henderson,2027,"Computer Science, Chemistry, Physics",D,3,100,940.720.2466
Carlos Sanchez,2026,"Physics, Biology, Chemistry",F,0,33,(407)821-8120x5385
Bradley Hughes,2025,"Physics, Biology, Computer Science",A,2,70,295-449-3629x4907
Stephanie Callahan,2025,"Chemistry, Physics, Biology",C,0,39,465.988.6166x76660
Karen Clements,2026,"Physics, Computer Science, Biology",C,2,72,+1-721-388-3927
Austin Mcgee,2024,"Physics, Biology, Mathematics",D,2,26,847-900-5070x990
Christopher Cox,2027,"Biology, Computer Science, Chemistry",B,2,98,+1-706-236-4738x66549
Kevin Wu,2028,"Mathematics, Computer Science, Chemistry",D,2,89,998.833.2958x457
Linda Martinez,2025,"Computer Science, Mathematics, Physics",D,3,13,(808)237-8618x912
Brenda Kelly,2026,"Mathematics, Chemistry, Physics",F,3,18,557.345.8836x80156
Jamie Carroll,2024,"Mathematics, Chemistry, Computer Science",F,0,65,+1-688-868-9579x42605
Scott Johnson,2027,"Chemistry, Computer Science, Mathematics",D,1,20,7942736061
Tracy Park,2025,"Chemistry, Physics, Computer Science",C,2,36,(376)320-7542x68793
John Schmidt DDS,2028,"Chemistry, Physics, Computer Science",B,3,5,001-789-230-3325
Kevin Bray,2024,"Biology, Mathematics, Chemistry",F,2,64,432.822.0376x18145
Teresa Beck,2028,"Computer Science, Mathematics, Chemistry",F,0,4,897.353.1603x841
Franklin Duran MD,2027,"Mathematics, Biology, Computer Science",D,0,32,001-703-942-3321x886
Joseph Gonzalez,2027,"Physics, Mathematics, Biology",F,2,87,+1-263-568-5490
Chad Chavez,2024,"Computer Science, Physics, Chemistry",C,3,22,+1-303-694-7308x658
Todd Casey,2024,"Biology, Physics, Computer Science",C,1,49,(313)961-1768x04210
Samantha Horn,2027,"Computer Science, Physics, Biology",B,0,60,(596)821-6352
Michael Walsh,2025,"Computer Science, Biology, Mathematics",D,3,64,(799)364-3254
Paul Campbell,2027,"Computer Science, Biology, Physics",A,1,19,+1-635-565-9024x096
Kaitlyn Johnson,2028,"Biology, Computer Science, Mathematics",B,3,70,807.294.8523
Dustin Morgan,2027,"Physics, Mathematics, Biology",F,0,68,(296)954-4274
Catherine Perry,2025,"Computer Science, Physics, Mathematics",D,3,44,5013459650
Jamie Parsons,2024,"Biology, Computer Science, Mathematics",A,1,12,908.990.8020x286
Robert King,2027,"Physics, Computer Science, Biology",F,3,96,(726)460-4750x437
David Valentine,2026,"Chemistry, Computer Science, Physics",F,0,100,(917)521-7588x08092
James Humphrey,2025,"Physics, Biology, Computer Science",C,1,59,001-425-978-8419x430
Amanda Hughes,2028,"Mathematics, Physics, Chemistry",F,0,20,001-904-332-1790
Annette Mills,2024,"Chemistry, Biology, Physics",D,2,47,907.524.5308
Edward Mckinney,2028,"Computer Science, Physics, Biology",A,3,28,895.995.7585x00867
Sandra Hoover,2027,"Computer Science, Biology, Physics",B,2,78,3128639035
Ethan Barrett,2024,"Chemistry, Mathematics, Computer Science",A,0,52,(514)606-2718x7332
Benjamin Reeves,2024,"Computer Science, Biology, Chemistry",F,1,62,001-460-309-2481
Corey Cohen,2027,"Biology, Mathematics, Chemistry",A,2,100,689-205-5902x181
Thomas Sullivan,2028,"Chemistry, Mathematics, Biology",B,1,83,260.264.2117x957
Kaitlyn Bell,2027,"Mathematics, Chemistry, Physics",B,3,40,(857)912-7615
Julie Ingram,2025,"Biology, Chemistry, Mathematics",D,3,52,754-372-4395
Tamara Wright,2027,"Computer Science, Chemistry, Physics",B,1,67,001-808-499-5456x664
Brandon Aguilar,2026,"Chemistry, Physics, Computer Science",B,1,63,001-682-499-4381
Donna Fisher,2028,"Computer Science, Physics, Biology",F,2,46,566-511-3622x241
Chad White,2027,"Physics, Mathematics, Biology",F,0,52,4846453180
Cynthia Bradley,2026,"Chemistry, Mathematics, Physics",A,2,7,001-652-696-3623x322
Michael Taylor,2026,"Mathematics, Physics, Biology",D,0,66,8907642004
Tommy Owens,2027,"Chemistry, Mathematics, Physics",F,0,30,001-822-667-7871x98654
Emma May,2028,"Computer Science, Chemistry, Physics",B,3,20,618.205.9294
Michael Castillo,2026,"Mathematics, Computer Science, Chemistry",B,2,16,+1-938-627-6196x72737
Heather Weaver,2024,"Chemistry, Physics, Mathematics",A,3,77,795-504-8342
Kathryn Summers,2025,"Chemistry, Physics, Biology",F,3,86,638.870.3325x205
Kristina Martinez,2025,"Chemistry, Physics, Computer Science",C,2,71,(258)360-8897
Patrick Fowler,2026,"Mathematics, Chemistry, Biology",D,0,94,502-981-8640x9099
Kevin Chapman,2026,"Mathematics, Biology, Physics",A,1,72,+1-772-857-0927x270
Lisa Atkinson,2027,"Computer Science, Biology, Physics",B,1,85,001-928-428-5389x373
Diane Wood,2024,"Computer Science, Biology, Mathematics",B,2,94,001-429-689-3675
Mr. Bruce Davis,2025,"Chemistry, Computer Science, Physics",A,2,74,5098502538
Carrie Stevenson,2025,"Physics, Chemistry, Mathematics",C,1,23,785-660-0511
Wayne Williams,2025,"Biology, Computer Science, Physics",B,0,50,(875)290-6555
Lori Bradley,2025,"Computer Science, Physics, Mathematics",F,1,61,001-542-437-4243x006
Tyler Weeks,2027,"Biology, Mathematics, Chemistry",C,1,93,3166425593
Ashley White,2024,"Computer Science, Chemistry, Biology",C,0,69,+1-264-943-9527
Michael Williams,2026,"Chemistry, Computer Science, Physics",D,1,69,950-235-5574x0622
Michelle Haynes,2024,"Computer Science, Physics, Mathematics",A,2,43,(516)250-8330x820
Dr. Rebecca Simmons MD,2024,"Computer Science, Physics, Biology",A,0,30,4532210608
Anthony Johnson,2025,"Biology, Physics, Computer Science",D,0,26,9415416183
Isaac Lyons,2026,"Biology, Mathematics, Computer Science",A,3,80,+1-876-289-9053x66605
Megan Terry,2024,"Chemistry, Biology, Physics",D,2,63,965-513-0434x6370
Ashley White,2026,"Physics, Chemistry, Mathematics",F,1,58,6815237593
Anne Roberts,2028,"Biology, Mathematics, Physics",C,2,44,001-801-371-3361x89966
Antonio Carrillo,2025,"Physics, Chemistry, Biology",C,1,49,001-223-790-9734x8404
Steven Kennedy,2026,"Mathematics, Biology, Chemistry",D,2,51,(289)647-0254x907
Jeffrey Poole,2025,"Biology, Physics, Chemistry",A,3,17,(894)253-6970
Henry Nelson,2026,"Mathematics, Computer Science, Physics",A,3,20,001-667-760-2978
Ashley Wilson,2024,"Biology, Mathematics, Computer Science",F,2,78,282.234.1490
April Hernandez,2024,"Mathematics, Chemistry, Physics",A,2,69,001-829-458-3501
Dorothy Garcia,2024,"Chemistry, Mathematics, Computer Science",F,2,69,(769)247-1038x0925
Julian Martinez,2025,"Biology, Computer Science, Mathematics",C,2,16,(557)861-7845
Kayla White,2028,"Computer Science, Biology, Chemistry",C,1,10,(454)738-8538x988
Lisa Carter,2024,"Computer Science, Mathematics, Biology",C,3,65,001-476-587-3053
Sharon Duncan,2028,"Biology, Chemistry, Computer Science",A,0,1,001-786-427-2093x801
Matthew Richmond,2027,"Computer Science, Physics, Chemistry",F,0,23,001-292-795-8419x6868
Katie Hill,2028,"Mathematics, Computer Science, Physics",B,3,97,(944)736-7514x07366
Paul Brown,2028,"Biology, Chemistry, Physics",D,1,29,480-310-7848
Justin Neal,2027,"Computer Science, Chemistry, Biology",C,0,80,310.930.3447
Robert Riley,2026,"Computer Science, Biology, Chemistry",C,1,68,2629401633
Jenny Harris,2027,"Computer Science, Physics, Mathematics",F,1,16,(429)884-3768
Cynthia Stevens,2025,"Computer Science, Mathematics, Biology",F,2,22,883.287.8355
Jacqueline Jones,2025,"Biology, Chemistry, Computer Science",C,3,36,916.835.1379
Samantha Calderon,2024,"Mathematics, Chemistry, Biology",F,3,19,(512)543-4383x7425
Marco House,2026,"Mathematics, Physics, Computer Science",C,2,93,001-963-846-8650x852
Erica Wilson,2027,"Mathematics, Biology, Physics",C,2,12,450.436.5624
Vincent Ingram,2028,"Mathematics, Physics, Computer Science",A,1,23,(426)797-7677x226
Amanda Berg,2027,"Biology, Chemistry, Physics",B,0,2,+1-239-948-7149x756
Jordan Warren,2026,"Chemistry, Mathematics, Biology",F,2,85,+1-827-355-3213
Jose Henson,2025,"Chemistry, Physics, Computer Science",A,2,57,001-370-698-3836x142
Shaun Martin,2024,"Mathematics, Computer Science, Chemistry",F,0,40,(567)341-9757
Cindy Humphrey,2027,"Mathematics, Physics, Chemistry",D,0,82,001-538-841-9616x22215
Michelle Holloway,2028,"Chemistry, Biology, Mathematics",B,0,93,+1-402-976-1531x3542
Ann Lee,2028,"Chemistry, Mathematics, Physics",A,3,14,001-390-711-4303x025
Miss Deborah Graham,2028,"Physics, Computer Science, Mathematics",D,1,91,234.886.9930
Brian Ferguson,2024,"Mathematics, Chemistry, Computer Science",D,3,11,866.528.6062
James Burke,2025,"Mathematics, Biology, Physics",F,0,45,(915)607-2032x25183
Joseph Rodriguez,2028,"Computer Science, Mathematics, Chemistry",C,3,10,737-965-3172
Maria Osborne,2024,"Biology, Computer Science, Physics",B,0,82,998-475-4019x03470
Gabrielle Torres,2028,"Computer Science, Chemistry, Biology",D,3,45,(618)231-6857
Hannah Gomez,2028,"Biology, Computer Science, Physics",C,0,63,001-838-935-0771x711
Grace Johnson,2025,"Physics, Computer Science, Mathematics",F,2,21,412-562-5075
Kendra Ochoa,2028,"Computer Science, Mathematics, Physics",B,2,86,239.881.2383x095
Todd Davis,2028,"Computer Science, Chemistry, Physics",D,3,98,001-961-630-3588x41363
Denise Holloway,2026,"Physics, Mathematics, Biology",F,2,88,2124508378
Jacob Olson,2028,"Computer Science, Biology, Chemistry",A,2,64,476-362-7825
Christian Arnold,2027,"Mathematics, Computer Science, Physics",F,2,77,566-670-2680x093
Brian Hernandez,2027,"Computer Science, Chemistry, Physics",D,0,72,+1-973-452-8824
Mr. Garrett Walker,2025,"Biology, Computer Science, Mathematics",B,3,19,891-663-9934x4445
Francisco Mooney,2025,"Mathematics, Physics, Computer Science",C,3,59,7838811954
Valerie Smith,2025,"Mathematics, Computer Science, Physics",B,2,90,677-473-3253
Scott Kennedy,2024,"Mathematics, Chemistry, Computer Science",F,2,52,001-369-695-8616x179
Amanda Campbell,2025,"Computer Science, Chemistry, Mathematics",D,2,18,+1-407-375-3470x2018
Stephanie Torres,2024,"Physics, Mathematics, Chemistry",F,2,46,+1-876-683-2198x6809
Stephen Brown,2028,"Computer Science, Chemistry, Mathematics",D,1,52,528-262-0569
Xavier Newton,2028,"Computer Science, Physics, Mathematics",B,0,82,351-678-5678x6238
Dennis Pratt,2025,"Mathematics, Computer Science, Chemistry",B,3,1,+1-651-448-1888x1476
Allison Kelly,2024,"Computer Science, Physics, Mathematics",D,0,37,355-861-3278x4668
Mr. Adam Mendoza,2025,"Mathematics, Biology, Chemistry",D,2,42,(934)934-8168
Taylor Smith,2026,"Physics, Mathematics, Computer Science",C,3,61,+1-657-399-5122x41947
Jason Hill,2025,"Biology, Computer Science, Mathematics",F,1,4,001-659-651-3227x93545
Samantha Harris,2025,"Biology, Chemistry, Mathematics",D,2,73,921.363.5665x259
William Evans,2024,"Chemistry, Mathematics, Biology",B,2,76,710-353-9852x5221
Carla Gibson,2027,"Biology, Physics, Mathematics",A,0,31,+1-541-762-5192
Maria Green,2025,"Computer Science, Mathematics, Biology",B,2,9,+1-732-392-6701x6475
David Torres,2024,"Biology, Chemistry, Computer Science",F,3,52,488.350.3906
Ryan Wright,2024,"Chemistry, Mathematics, Computer Science",D,0,53,+1-376-777-3853x38807
Oscar Wiley,2025,"Biology, Computer Science, Chemistry",B,3,87,(499)399-9234x424
Allison Dougherty,2027,"Biology, Mathematics, Computer Science",B,0,7,7689620420
Leslie Ward,2025,"Computer Science, Mathematics, Physics",B,1,56,001-439-526-0996x093
Tina Hodges,2026,"Biology, Physics, Computer Science",B,0,25,(693)572-4660
Dustin Campbell,2026,"Chemistry, Mathematics, Computer Science",B,0,30,+1-421-699-1341x781
Christopher Parker,2027,"Mathematics, Chemistry, Biology",A,2,2,+1-737-814-9323x669
John Henderson,2027,"Chemistry, Biology, Computer Science",D,0,44,+1-805-662-4469x9074
Carrie Valdez,2024,"Physics, Biology, Chemistry",A,1,6,001-363-842-9045x205
David Rodriguez,2024,"Mathematics, Chemistry, Biology",C,3,23,001-236-635-5804x9008
Kimberly Mccarty,2024,"Chemistry, Mathematics, Biology",D,2,3,(562)687-9705
Anne Griffith,2028,"Physics, Chemistry, Biology",A,1,74,290.325.8465
Ricardo Stevens,2024,"Chemistry, Mathematics, Computer Science",B,0,92,001-496-719-8059x9762
Charles Mendez,2024,"Physics, Mathematics, Biology",D,3,40,396-717-9578x1850
Amy Boone,2024,"Chemistry, Mathematics, Biology",A,1,5,(787)496-2953x0946
Joy Fry,2025,"Chemistry, Biology, Physics",B,3,67,422.517.5029
Jeffrey Kelly,2028,"Biology, Chemistry, Mathematics",F,2,62,7282140460
Alexa Cohen,2025,"Computer Science, Mathematics, Physics",F,0,95,(748)651-7136x369
Jacqueline Franklin,2025,"Biology, Physics, Chemistry",C,0,17,837.405.4473x62188
Claire Byrd,2025,"Biology, Chemistry, Computer Science",A,2,21,436-697-8004
Willie Martin,2027,"Physics, Biology, Computer Science",B,0,97,(348)880-6997x53737
Lawrence Williams,2026,"Computer Science, Biology, Mathematics",A,1,9,341-882-4564x55902
Lauren Paul,2025,"Chemistry, Mathematics, Biology",C,3,97,(757)791-5487
Kaitlyn Thomas,2027,"Biology, Mathematics, Chemistry",F,1,5,974-420-1801x8738
Janet Andersen,2025,"Biology, Physics, Computer Science",F,0,12,663.993.7579
Carla Garcia,2024,"Physics, Computer Science, Chemistry",F,0,20,(723)653-0798
James Cruz,2026,"Physics, Biology, Computer Science",C,0,36,6579732817
Deanna Jones,2027,"Physics, Computer Science, Mathematics",C,3,59,663.297.0020
Derek Whitaker,2026,"Biology, Chemistry, Computer Science",C,3,27,(976)388-1506
Stacey Williams,2026,"Biology, Computer Science, Chemistry",D,2,85,381.240.5303x536
Nathan Terry,2024,"Chemistry, Mathematics, Computer Science",A,2,22,(550)262-1257x863
Brian Powers,2025,"Computer Science, Physics, Biology",A,2,17,(706)667-4889x494
Ricky Schmidt,2024,"Physics, Mathematics, Chemistry",A,1,61,(559)991-4974
Tami Smith,2028,"Physics, Chemistry, Computer Science",C,1,71,+1-911-650-5245x8691
Todd Daniels,2025,"Physics, Mathematics, Chemistry",D,0,11,001-536-884-2608x543
Charles Jackson,2027,"Mathematics, Chemistry, Biology",D,2,5,888.772.4800x030
Theodore Rodriguez,2025,"Computer Science, Mathematics, Physics",D,2,61,8779883925
Lisa Fox,2024,"Chemistry, Computer Science, Biology",F,0,8,001-763-316-5214
Samantha Snyder,2024,"Mathematics, Biology, Chemistry",C,1,54,606-919-4532
Andrew Malone,2025,"Physics, Computer Science, Chemistry",F,2,4,369.712.4671x031
Alexis Steele,2026,"Chemistry, Computer Science, Physics",A,0,90,(507)922-5476x5006
Jacob Jennings,2024,"Computer Science, Physics, Biology",C,2,54,463.772.4137
Emily Hines,2025,"Physics, Mathematics, Computer Science",B,2,60,+1-557-978-1593x35618
Joseph Kim,2028,"Computer Science, Chemistry, Mathematics",A,0,90,(243)826-6751
Shane Reynolds,2026,"Chemistry, Physics, Biology",B,3,94,+1-582-520-2933x95155
Roberto Fowler,2026,"Chemistry, Mathematics, Biology",D,2,47,+1-785-341-7365
Jasmine Garcia,2026,"Biology, Mathematics, Chemistry",F,3,84,+1-754-736-7774
Kelly Bailey,2027,"Physics, Mathematics, Biology",D,1,76,450-842-5540
Juan Smith,2027,"Biology, Physics, Chemistry",B,0,37,001-761-995-1341x069
Leslie Small,2025,"Mathematics, Physics, Chemistry",F,0,96,001-910-736-8808
Adam Pierce,2026,"Biology, Chemistry, Mathematics",A,3,89,001-890-599-8030x65648
Jacob Hopkins,2026,"Biology, Physics, Chemistry",D,1,35,(973)531-3719
Amanda Trujillo,2027,"Biology, Computer Science, Chemistry",B,3,12,325-862-9945x170
Gary Webster,2027,"Computer Science, Mathematics, Biology",F,0,57,332-356-7559x336
Paul Becker,2028,"Biology, Computer Science, Mathematics",D,0,76,+1-922-820-1554x2640
Kathryn Garcia,2028,"Biology, Physics, Chemistry",D,3,41,(694)628-8018
Diana Smith,2026,"Chemistry, Biology, Computer Science",A,3,49,821.744.1232x9428
John Cunningham,2028,"Mathematics, Physics, Computer Science",A,0,7,(339)243-7306x980
Nicholas Thompson,2028,"Computer Science, Physics, Chemistry",F,3,19,575.931.3838
Christopher Smith,2027,"Computer Science, Chemistry, Biology",B,1,23,(358)777-1171
Gabriela Brown,2028,"Chemistry, Computer Science, Physics",B,2,20,(315)324-8343
Scott Diaz,2025,"Computer Science, Physics, Mathematics",A,1,51,562.368.3607x8114
Stephen Osborn,2026,"Chemistry, Computer Science, Physics",B,1,56,001-396-988-0462x896
Jeffrey Christian,2028,"Mathematics, Chemistry, Computer Science",F,0,64,237.449.4009x930
Karen David,2026,"Computer Science, Biology, Mathematics",C,1,30,8675571294
Nicholas Newton,2028,"Physics, Computer Science, Mathematics",F,0,73,+1-262-329-5380x4897
William Ruiz,2025,"Chemistry, Mathematics, Computer Science",B,0,71,001-326-263-0876x1215
David Reyes,2026,"Physics, Mathematics, Biology",B,2,9,479.256.5512
Amanda Jarvis,2026,"Physics, Mathematics, Computer Science",F,2,45,001-364-377-9007x57877
Andrea Wright,2027,"Mathematics, Chemistry, Physics",B,2,89,(537)534-1662x76860
Harold King,2025,"Computer Science, Biology, Physics",B,1,85,490-287-4676
Mallory Gill,2025,"Biology, Chemistry, Physics",B,0,31,749-697-5127x6934
Bradley Gaines,2024,"Chemistry, Computer Science, Mathematics",D,1,20,+1-458-865-1204x2564
Kelly Lee,2026,"Chemistry, Mathematics, Computer Science",C,2,55,309-443-6536x3075
William Anderson,2028,"Physics, Mathematics, Computer Science",B,1,51,939-571-8573x948
Heather Hall,2028,"Physics, Computer Science, Biology",B,3,28,749.238.4976x2453
Heather Pacheco,2026,"Mathematics, Physics, Biology",F,1,34,8954510977
Patrick Jones,2028,"Mathematics, Physics, Computer Science",F,2,64,809-977-6783x939
Melody Johnson,2026,"Computer Science, Chemistry, Biology",B,0,50,001-759-350-5647x2587
Kevin Hart,2026,"Physics, Mathematics, Chemistry",B,2,78,(880)394-9932
Dustin Church,2028,"Physics, Computer Science, Biology",B,1,76,742.735.8502x5793
Mr. Michael Salinas Jr.,2027,"Mathematics, Physics, Computer Science",C,2,80,001-571-392-4657x775
Kimberly Richard,2027,"Physics, Biology, Mathematics",B,1,72,(766)596-0966
Daniel Parks,2027,"Mathematics, Computer Science, Chemistry",A,1,19,262-240-5635x2720
Trevor Richardson II,2028,"Chemistry, Biology, Computer Science",A,2,89,001-726-209-4581x53706
Brittany Chandler,2024,"Chemistry, Mathematics, Computer Science",C,1,60,499.319.4260
William Villarreal,2027,"Biology, Computer Science, Mathematics",F,3,100,+1-596-910-3372x4434
Christopher Byrd,2025,"Chemistry, Computer Science, Physics",B,2,55,961-429-2538x156
Shelly Moore,2026,"Biology, Mathematics, Physics",D,0,50,408-459-8825x5333
Travis Miller,2028,"Mathematics, Biology, Computer Science",F,0,8,440-402-8573x4625
Brittney Grant,2027,"Chemistry, Biology, Physics",B,1,41,001-407-686-3439x238
Erin Escobar,2024,"Mathematics, Computer Science, Chemistry",A,3,74,(732)293-6574x3657
Christina Smith,2024,"Biology, Mathematics, Chemistry",A,3,16,001-786-850-1027x624
Joshua Hatfield,2025,"Biology, Physics, Computer Science",D,2,44,315-972-3223x545
James Tucker,2027,"Mathematics, Biology, Computer Science",D,2,59,534.966.1121
Jason Mccoy,2028,"Chemistry, Biology, Mathematics",A,3,63,(828)833-3437x3120
Shane Deleon,2028,"Physics, Mathematics, Chemistry",A,0,44,+1-642-911-5643x265
Carmen Davis,2027,"Physics, Chemistry, Computer Science",F,0,8,723-339-1354x4306
Nicole Guerrero,2027,"Computer Science, Physics, Chemistry",A,1,2,(461)945-8385x08838
Cody Gibson,2028,"Computer Science, Physics, Mathematics",B,1,25,430-986-3452x117
Krista Walker MD,2026,"Chemistry, Mathematics, Biology",A,0,67,+1-433-721-0476x503
Rhonda Lewis,2025,"Biology, Chemistry, Mathematics",D,3,79,3529238985
Chris Harris,2024,"Chemistry, Computer Science, Biology",A,3,96,(409)603-6535x33068
Jordan Watson,2026,"Physics, Chemistry, Biology",F,0,64,001-712-706-1326x10129
Ryan Green,2027,"Computer Science, Physics, Chemistry",C,3,35,5955389558
Bill Chaney,2028,"Physics, Biology, Chemistry",A,1,40,864-996-3592
Sheila Sullivan,2027,"Physics, Chemistry, Biology",C,1,18,444.588.7271
Alicia Stevens,2025,"Biology, Computer Science, Physics",C,0,89,654-593-2553x701
Kyle Jones,2024,"Computer Science, Chemistry, Mathematics",D,1,68,001-925-493-3403x58504
Judith Williams,2026,"Biology, Computer Science, Mathematics",C,2,83,5803681810
Mr. Tim Greer DDS,2026,"Computer Science, Physics, Biology",A,1,6,5553501856
Kenneth Gonzalez,2027,"Mathematics, Physics, Biology",D,3,98,+1-578-897-7460x007
Andrew Barnett,2026,"Mathematics, Chemistry, Biology",A,2,38,8928196599
Brandi Neal,2026,"Physics, Biology, Mathematics",A,1,29,758.669.8761x652
Lee Jones,2027,"Computer Science, Physics, Chemistry",F,2,17,(690)622-5737x650
Christine Alvarez,2028,"Physics, Biology, Chemistry",D,0,16,966.333.5919x196
Lisa Sutton,2025,"Chemistry, Biology, Computer Science",C,0,5,(370)208-7955x91082
Jennifer Mcdonald,2025,"Mathematics, Biology, Chemistry",C,0,89,+1-389-662-1921x8035
Chloe Mcguire,2025,"Chemistry, Physics, Mathematics",C,1,95,(461)535-0048x42829
Jonathan Rice,2025,"Physics, Computer Science, Biology",F,0,89,+1-695-806-1952x40830
Chad Scott,2024,"Mathematics, Biology, Chemistry",F,3,48,(220)970-2996x677
Stephanie May,2025,"Biology, Physics, Mathematics",D,2,82,001-200-412-2123x27764
Amanda Davis,2028,"Chemistry, Biology, Computer Science",C,0,23,3636404941
Arthur Collins,2027,"Biology, Computer Science, Chemistry",D,0,48,485-962-6439x8822
Matthew Arroyo,2026,"Computer Science, Biology, Chemistry",A,2,43,001-827-362-0222x89186
Tonya Mendez,2027,"Mathematics, Chemistry, Biology",F,1,66,(793)898-3632
Michelle Chavez,2025,"Chemistry, Mathematics, Biology",F,1,9,(690)710-2310x40092
Derek Nguyen,2027,"Physics, Mathematics, Computer Science",F,3,37,(566)540-2826x62274
Dan Griffin,2024,"Computer Science, Physics, Chemistry",D,3,21,+1-779-203-1754x2902
April West,2027,"Computer Science, Biology, Chemistry",B,0,74,454.802.8633x48484
Austin Davis,2025,"Physics, Biology, Mathematics",D,2,3,+1-625-382-8613
Brian Fisher,2027,"Physics, Computer Science, Mathematics",C,3,90,+1-633-733-4147x5673
Alexis Nguyen,2024,"Chemistry, Physics, Mathematics",D,3,80,987.666.8636x4194
Jill Rodriguez,2026,"Biology, Mathematics, Chemistry",A,3,4,527.636.5717
Stacie Torres,2025,"Mathematics, Chemistry, Biology",B,3,27,+1-364-964-1425x38107
Amy Bryant,2028,"Physics, Chemistry, Mathematics",D,2,55,350-871-7063
Ms. Robyn Hicks,2024,"Mathematics, Computer Science, Chemistry",A,2,35,2158311315
Steven Rose,2025,"Computer Science, Physics, Mathematics",B,2,11,+1-600-900-6978x62933
Jeremy Cox,2024,"Chemistry, Mathematics, Physics",C,0,22,+1-274-938-8251x2448
Nathan Leonard,2028,"Computer Science, Physics, Mathematics",C,2,90,863.239.0695x207
Traci Holt,2024,"Chemistry, Physics, Computer Science",D,2,35,(560)906-6343x39974
Laura Boyd,2026,"Chemistry, Computer Science, Mathematics",D,2,94,570.377.3847
Jeffrey Brown,2026,"Computer Science, Physics, Biology",F,3,20,549.640.2740
Justin Parsons,2025,"Mathematics, Chemistry, Computer Science",B,2,46,221-300-6737
Michelle Powell,2024,"Physics, Biology, Mathematics",F,0,28,+1-492-632-2789x10065
Lucas Lambert,2024,"Biology, Chemistry, Mathematics",B,2,83,(533)673-4723x850
Karen Lopez,2026,"Physics, Computer Science, Chemistry",C,3,86,+1-990-451-1659x751
Melvin Berry,2024,"Physics, Computer Science, Biology",A,2,90,925.259.9609x7097
Sean Clements,2025,"Chemistry, Computer Science, Mathematics",F,3,9,+1-834-373-4616x547
Jessica Yang,2024,"Computer Science, Physics, Biology",B,3,64,001-890-957-2284x854
Andrew Haley,2026,"Biology, Chemistry, Mathematics",B,2,71,+1-484-708-2455x604
Kevin Osborn,2028,"Computer Science, Mathematics, Chemistry",A,3,94,+1-377-401-9493x1397
Patricia Jackson,2024,"Chemistry, Biology, Mathematics",C,1,19,4113839279
Melissa Chen DDS,2024,"Computer Science, Biology, Physics",D,2,97,(272)754-2258x04986
Mark Hampton,2025,"Mathematics, Chemistry, Physics",B,1,79,(247)737-4471x6695
Cynthia Young,2027,"Computer Science, Mathematics, Biology",D,0,82,001-564-725-1129
Jose Conrad,2024,"Computer Science, Chemistry, Mathematics",C,1,19,(471)521-4149x5443
Debra Miller,2025,"Mathematics, Biology, Physics",F,1,90,742.540.5116x9967
Steven Hernandez,2027,"Biology, Chemistry, Computer Science",B,3,19,2762876450
Kristin Murphy,2028,"Biology, Chemistry, Computer Science",C,3,81,5564165161
Russell Hamilton,2025,"Computer Science, Physics, Mathematics",A,1,93,(351)532-8575x69983
Joseph Knox,2025,"Biology, Physics, Computer Science",C,1,72,(732)625-4664x95153
Margaret Smith,2025,"Biology, Physics, Computer Science",C,3,79,(354)242-2796x7693
Jack Hartman,2027,"Computer Science, Chemistry, Physics",D,1,33,432.620.5481
Erica Martinez,2027,"Mathematics, Computer Science, Biology",A,0,60,+1-681-725-0069x6225
Rachel Avila,2026,"Computer Science, Physics, Chemistry",C,3,16,796.634.8059
Miss Nicole Wood DDS,2025,"Biology, Chemistry, Physics",B,3,34,463-747-3736
Marvin Wilcox,2024,"Computer Science, Mathematics, Physics",B,3,63,(644)696-0127
Lisa Boyd,2027,"Biology, Computer Science, Chemistry",D,1,54,001-681-848-0452x1740
Robert Jones,2026,"Computer Science, Mathematics, Chemistry",A,0,27,8004729165
Michael Aguilar,2025,"Computer Science, Chemistry, Physics",D,2,87,877-794-2713
Laura Weiss,2027,"Mathematics, Biology, Physics",D,2,22,(870)817-4374
Betty Sanders,2026,"Computer Science, Mathematics, Chemistry",F,1,63,522-272-7695x757
Jeffrey Bailey,2025,"Mathematics, Computer Science, Biology",C,0,56,(670)943-7986x53503
Jeremy Nelson,2026,"Computer Science, Biology, Chemistry",F,1,56,+1-245-949-7799x3760
Scott Weber,2024,"Computer Science, Physics, Mathematics",B,1,7,(904)873-8264x23678
Roger Hansen,2028,"Chemistry, Physics, Computer Science",F,3,83,+1-686-657-8073x23908
Richard Barker,2024,"Physics, Biology, Mathematics",D,0,45,(229)414-7331
Daisy Smith,2025,"Chemistry, Physics, Mathematics",C,3,62,786.776.9773x74157
Stephanie Gonzalez,2024,"Biology, Computer Science, Mathematics",F,2,7,363.295.9174x862
Kimberly Wells,2024,"Computer Science, Physics, Mathematics",D,3,14,001-745-761-3529x0221
Stephen Brown,2024,"Chemistry, Biology, Computer Science",A,3,12,(351)255-4352x520
Joseph Jones,2024,"Physics, Biology, Chemistry",C,1,38,862.824.2294x34153
Jacob Wolfe,2025,"Biology, Chemistry, Mathematics",B,2,68,500-625-5295x629
Ashley Rivera,2025,"Chemistry, Computer Science, Physics",C,0,30,984.284.2865x17477
Joshua Wilson,2027,"Physics, Biology, Mathematics",A,1,2,(515)765-8299x7989
Madison Lewis,2027,"Mathematics, Chemistry, Biology",A,0,2,592-370-9157
Brad Sullivan,2027,"Computer Science, Chemistry, Mathematics",F,1,60,462-750-5996x03500
Edward Murphy,2024,"Mathematics, Physics, Computer Science",D,1,58,(204)575-7686x92416
William Lyons,2027,"Physics, Biology, Mathematics",F,3,20,(203)852-0325
James Rivera,2028,"Computer Science, Mathematics, Biology",F,3,95,(664)966-6963
Daniel Porter,2028,"Chemistry, Mathematics, Biology",F,0,61,4868171681
Michele Leon,2025,"Chemistry, Mathematics, Computer Science",F,2,94,493.659.1436
Amy Mcdonald,2024,"Biology, Chemistry, Physics",D,2,2,+1-880-254-6091
Joel Brown,2027,"Computer Science, Biology, Mathematics",F,1,2,548-988-6396x2515
Justin Ross,2024,"Chemistry, Computer Science, Biology",D,2,83,(944)280-6235
Christopher Benson,2028,"Mathematics, Physics, Chemistry",D,3,43,(217)556-9192x411
Charles Hardin,2025,"Chemistry, Mathematics, Computer Science",D,0,81,281-534-7082x82512
Taylor Lucas,2027,"Biology, Mathematics, Computer Science",D,1,12,317.234.9743
Darrell Garcia,2028,"Physics, Chemistry, Computer Science",A,3,21,(900)863-4145
Laura Nelson,2027,"Biology, Chemistry, Physics",C,2,37,2665950282
Lisa Harris,2025,"Mathematics, Computer Science, Physics",F,1,73,+1-804-461-3347x20406
Alexander Miller,2028,"Biology, Computer Science, Mathematics",D,2,69,626-557-8291
Mia Oliver,2024,"Computer Science, Biology, Chemistry",D,2,21,398.390.2971x38128
Michael Clark,2024,"Biology, Physics, Computer Science",F,1,87,666.409.7696x7305
Lisa Rowland,2026,"Biology, Physics, Chemistry",B,3,34,446-565-0687x3389
Leah Lopez,2027,"Computer Science, Chemistry, Mathematics",A,0,58,5454894575
Brittany Taylor,2028,"Chemistry, Physics, Biology",F,1,91,254-264-6662x081
Caleb Washington,2027,"Chemistry, Computer Science, Physics",D,1,5,973-824-9956
Janet Lloyd,2024,"Mathematics, Physics, Chemistry",D,0,64,001-836-278-8553